title|May2002|July2002|October2002|December2002|April2003|May2003|July2003|August2003|November2003|February2004|April2004|August2004|October2004|April2005|October2005|April2006|September2006|March2007|June2007|September2007|March2008|May2008|September2008|March2009|September2009|March2010|September2010|title|March2011|September2011|March2012|September2012|March2013|September2013|October2013|January2014|April2014|July2014|October2014|January2015|April2015|July2015|November2015|February2016|April2016|August2016|March2017|June2017|September2017|November2017|February2018|May2018|September2018|December2018|January2019|April2019|July2019|October2019|January2020|April2020|June2020|September2020|December2020|title|March2021|July2021|October2021|February2022|May2022
A Hero Lives||||||||||||||||||||||||||||A Hero Lives|||3|2|2|3|3|3|3|3|3|3|3|3|3|3|3|3|3|3|3|3|3|3|1|1|1|1|1|1|1|1|1|1|1|A Hero Lives|1|1|1|2|3
A-Assault Core||||||||||||||||||||||||||||A-Assault Core|||||||||||||||||||3|3|3|3|3|3|1|3|3|3|3|3|3|3|3|3|3|A-Assault Core|3|3|3|3|3
ABC-Dragon Buster||||||||||||||||||||||||||||ABC-Dragon Buster|||||||||||||||||||3|3|3|3|3|3|3|3|3|3|3|3|3|1|1|2|3|ABC-Dragon Buster|3|3|3|3|3
Abyss Soldier||||||||||||||2|2|3|3|3|3|3|3|3|3|3|3|3|3|Abyss Soldier|3|3|3|3|3|3|3|3|3|3|3|3|3|3|3|3|3|3|3|3|3|3|3|3|3|3|3|3|3|3|3|3|3|3|3|Abyss Soldier|3|3|3|3|3
Advanced Ritual Art||||||||||||||||||3|3|3|1|1|1|1|1|1|1|Advanced Ritual Art|1|1|1|1|2|2|2|2|2|2|2|2|2|2|2|2|3|3|3|3|3|3|3|3|3|3|3|3|3|3|3|3|3|3|3|Advanced Ritual Art|3|3|3|3|3
Allure of Darkness|||||||||||||||||||||3|2|3|2|2|1|1|Allure of Darkness|1|1|1|1|1|1|1|1|1|1|1|1|1|1|1|1|2|3|3|3|3|3|3|3|3|3|3|3|3|3|3|3|3|3|3|Allure of Darkness|3|3|3|3|3
Altergeist Multifaker||||||||||||||||||||||||||||Altergeist Multifaker||||||||||||||||||||||||3|3|3|3|3|1|1|1|1|3|3|3|Altergeist Multifaker|3|3|3|3|3
Ancient Fairy Dragon|||||||||||||||||||||||||3|3|3|Ancient Fairy Dragon|3|3|3|3|3|3|3|3|3|3|3|3|3|3|3|3|3|3|3|3|3|3|3|0|0|0|0|0|0|0|0|0|0|0|0|Ancient Fairy Dragon|0|0|0|0|0
Apoqliphort Towers||||||||||||||||||||||||||||Apoqliphort Towers||||||||||||3|3|3|0|0|0|0|0|0|0|0|1|2|3|3|3|3|3|3|3|3|3|3|3|Apoqliphort Towers|3|3|3|3|3
Apprentice Magician|||||||||3|3|3|3|3|3|3|2|2|2|2|2|3|3|3|3|3|3|3|Apprentice Magician|3|3|3|3|3|3|3|3|3|3|3|3|3|3|3|3|3|3|3|3|3|3|3|3|3|3|3|3|3|3|3|3|3|3|3|Apprentice Magician|3|3|3|3|3
Archlord Kristya||||||||||||||||||||||||||3|3|Archlord Kristya|2|2|2|2|2|2|2|3|3|3|3|3|3|3|3|3|3|3|3|3|3|3|3|3|3|3|3|3|3|3|3|3|3|3|3|Archlord Kristya|3|3|3|3|3
Archnemeses Protos||||||||||||||||||||||||||||Archnemeses Protos|||||||||||||||||||||||||||||||||3|3|3|Archnemeses Protos|3|3|3|0|0
Armageddon Knight|||||||||||||||||||||3|3|3|3|3|3|3|Armageddon Knight|3|3|3|3|3|3|3|3|3|3|3|3|3|3|3|3|3|3|3|3|3|3|3|3|3|1|1|1|1|1|1|1|1|1|1|Armageddon Knight|1|1|1|1|1
Artifact Moralltach||||||||||||||||||||||||||||Artifact Moralltach||||||||||3|3|1|1|1|1|1|1|1|1|1|1|1|3|3|3|3|3|3|3|3|3|3|3|3|3|Artifact Moralltach|3|3|3|3|3
Astrograph Sorcerer||||||||||||||||||||||||||||Astrograph Sorcerer|||||||||||||||||||||3|3|3|0|0|0|0|0|0|0|0|0|0|0|0|Astrograph Sorcerer|0|0|0|1|1
Atlantean Dragoons||||||||||||||||||||||||||||Atlantean Dragoons|||3|3|3|1|1|1|1|1|1|1|1|2|2|2|2|2|2|2|2|2|2|3|3|3|3|3|3|3|3|3|3|3|3|Atlantean Dragoons|3|3|3|3|3
Backup Soldier||||2|2|2|2|3|3|3|3|3|3|3|3|3|3|3|3|3|3|3|3|3|3|3|3|Backup Soldier|3|3|3|3|3|3|3|3|3|3|3|3|3|3|3|3|3|3|3|3|3|3|3|3|3|3|3|3|3|3|3|3|3|3|3|Backup Soldier|3|3|3|3|3
Beatrice, Lady of the Eternal||||||||||||||||||||||||||||Beatrice, Lady of the Eternal|||||||||||||||||3|1|1|1|1|1|1|1|1|1|1|1|1|1|1|1|1|1|1|Beatrice, Lady of the Eternal|1|1|1|1|1
Black Dragon Collapserpent||||||||||||||||||||||||||||Black Dragon Collapserpent||||||||3|3|3|3|3|3|3|3|3|3|3|3|3|3|3|3|3|3|3|3|3|1|1|1|1|1|1|1|Black Dragon Collapserpent|1|1|1|1|1
Black Luster Soldier - Envoy of the Beginning|||||||||||1|1|1|1|0|0|0|0|0|0|0|0|0|0|0|0|0|Black Luster Soldier - Envoy of the Beginning|0|1|1|1|1|1|1|1|1|1|1|1|1|1|1|1|1|1|1|1|2|2|3|3|3|3|3|3|3|3|3|3|3|3|3|Black Luster Soldier - Envoy of the Beginning|3|3|3|3|3
Black Rose Dragon||||||||||||||||||||||||3|1|1|3|Black Rose Dragon|3|3|3|3|3|3|3|3|3|3|3|3|3|3|3|3|3|3|3|3|3|3|3|3|3|3|3|3|3|3|3|3|3|3|3|Black Rose Dragon|3|3|3|3|3
Black Whirlwind|||||||||||||||||||||||||3|2|1|Black Whirlwind|1|1|1|1|1|3|3|3|3|3|3|3|3|3|3|3|3|3|3|3|3|3|3|3|3|3|3|3|3|3|3|3|3|3|3|Black Whirlwind|3|3|3|3|3
Blackwing - Gale the Whirlwind|||||||||||||||||||||||||1|1|1|Blackwing - Gale the Whirlwind|1|1|1|1|1|1|1|1|1|1|2|3|3|3|3|3|3|3|3|3|3|3|3|3|3|3|3|3|3|3|3|3|3|3|3|Blackwing - Gale the Whirlwind|3|3|3|3|3
Blackwing - Gofu the Vague Shadow||||||||||||||||||||||||||||Blackwing - Gofu the Vague Shadow||||||||||||||||||3|3|3|3|1|0|0|0|0|0|0|0|0|0|0|0|0|0|Blackwing - Gofu the Vague Shadow|0|0|0|0|0
Blackwing - Kalut the Moon Shadow|||||||||||||||||||||||||3|3|3|Blackwing - Kalut the Moon Shadow|1|1|1|2|3|3|3|3|3|3|3|3|3|3|3|3|3|3|3|3|3|3|3|3|3|3|3|3|3|3|3|3|3|3|3|Blackwing - Kalut the Moon Shadow|3|3|3|3|3
Blackwing - Steam the Cloak||||||||||||||||||||||||||||Blackwing - Steam the Cloak||||||||||3|3|3|3|3|3|3|3|3|3|3|3|3|3|3|3|3|3|3|3|3|3|0|0|0|0|Blackwing - Steam the Cloak|0|0|0|0|0
Blaster, Dragon Ruler of Infernos||||||||||||||||||||||||||||Blaster, Dragon Ruler of Infernos||||||3|3|1|1|1|1|1|0|0|0|0|0|0|0|0|0|0|0|0|0|0|0|0|0|0|0|0|0|0|0|Blaster, Dragon Ruler of Infernos|0|0|0|0|0
Block Dragon||||||||||||||||||||||||||||Block Dragon|||||||||||||||||3|3|3|3|3|3|3|3|3|3|3|3|3|3|3|3|3|0|0|Block Dragon|0|0|0|0|0
Book of Moon||||||||3|3|3|3|3|3|3|1|1|1|1|1|1|2|2|2|3|3|3|3|Book of Moon|1|1|1|1|1|1|1|1|1|1|1|1|1|1|1|1|1|1|1|1|1|1|1|1|1|1|1|1|1|1|3|3|3|3|3|Book of Moon|3|3|3|3|3
Book of Taiyou||||||||3|3|3|3|3|3|3|1|3|3|3|3|3|3|3|3|3|3|3|3|Book of Taiyou|3|3|3|3|3|3|3|3|3|3|3|3|3|3|3|3|3|3|3|3|3|3|3|3|3|3|3|3|3|3|3|3|3|3|3|Book of Taiyou|3|3|3|3|3
Bottomless Trap Hole||||||||||||||3|3|3|3|3|3|3|3|3|3|3|2|2|2|Bottomless Trap Hole|2|2|2|2|2|1|1|1|1|1|1|1|1|1|1|1|1|1|1|1|1|1|3|3|3|3|3|3|3|3|3|3|3|3|3|Bottomless Trap Hole|3|3|3|3|3
Brain Control|||||||||||||||3|3|3|3|3|1|1|1|1|1|1|1|0|Brain Control|0|0|0|0|0|0|0|0|0|0|0|0|0|0|0|0|0|0|1|1|2|2|3|3|3|3|3|3|3|3|3|3|3|3|3|Brain Control|3|3|3|3|3
Breaker the Magical Warrior|||||||||1|1|1|1|1|1|1|1|1|0|0|1|0|0|1|1|3|3|3|Breaker the Magical Warrior|3|3|3|3|3|3|3|3|3|3|3|3|3|3|3|3|3|3|3|3|3|3|3|3|3|3|3|3|3|3|3|3|3|3|3|Breaker the Magical Warrior|3|3|3|3|3
Brilliant Fusion||||||||||||||||||||||||||||Brilliant Fusion|||||||||||||||3|3|3|3|3|3|3|3|3|3|3|3|1|1|1|1|0|0|0|0|0|Brilliant Fusion|0|0|0|0|0
Brionac, Dragon of the Ice Barrier||||||||||||||||||||||||||1|1|Brionac, Dragon of the Ice Barrier|1|1|1|0|0|0|0|0|0|0|0|0|0|0|0|0|0|0|1|1|2|2|3|3|3|3|3|3|3|3|3|3|3|3|3|Brionac, Dragon of the Ice Barrier|3|3|3|3|3
Brotherhood of the Fire Fist - Spirit||||||||||||||||||||||||||||Brotherhood of the Fire Fist - Spirit|||||3|1|1|1|1|1|1|1|3|3|3|3|3|3|3|3|3|3|3|3|3|3|3|3|3|3|3|3|3|3|3|Brotherhood of the Fire Fist - Spirit|3|3|3|3|3
Burial from a Different Dimension||||||||||||||||||3|3|3|3|3|3|3|3|1|1|Burial from a Different Dimension|1|1|1|1|1|1|1|1|1|1|1|1|1|1|1|1|1|1|1|1|2|2|2|2|3|3|3|3|3|3|3|3|3|3|3|Burial from a Different Dimension|3|3|3|3|3
Burner, Dragon Ruler of Sparks||||||||||||||||||||||||||||Burner, Dragon Ruler of Sparks||||||0|0|0|0|0|0|0|3|3|3|3|3|3|3|3|3|3|3|3|3|3|3|3|3|3|3|3|3|3|3|Burner, Dragon Ruler of Sparks|3|3|3|3|3
Butterfly Dagger - Elma||||||||||1|1|1|1|0|0|0|0|0|0|0|0|0|0|0|0|0|0|Butterfly Dagger - Elma|0|0|0|0|0|0|0|0|0|0|0|0|0|0|0|0|0|0|0|0|0|0|0|0|0|0|0|0|0|0|0|0|0|0|0|Butterfly Dagger - Elma|0|0|0|0|0
Call of the Haunted||||1|1|1|1|1|1|1|1|1|1|1|1|1|1|1|1|1|0|0|0|0|1|1|1|Call of the Haunted|1|2|3|3|3|3|3|3|3|3|3|3|3|3|3|3|3|3|3|3|3|3|3|3|3|3|3|3|3|3|3|3|3|3|3|Call of the Haunted|3|3|3|3|3
Called by the Grave||||||||||||||||||||||||||||Called by the Grave||||||||||||||||||||||||3|2|3|3|3|3|3|3|3|3|1|1|Called by the Grave|1|1|1|1|1
Card Destruction|2|2|2|1|1|1|1|1|1|1|1|1|1|1|1|1|1|1|1|1|1|1|1|1|1|1|1|Card Destruction|1|1|1|1|1|0|0|0|0|0|0|0|0|0|0|0|0|0|0|0|0|0|0|0|1|1|1|1|1|1|1|1|1|1|1|Card Destruction|1|1|1|1|1
Card of Demise||||||||||||||||||||||||||||Card of Demise||||||||||||||||||3|3|3|3|3|3|3|3|3|3|3|3|3|1|1|1|1|1|Card of Demise|1|1|1|1|1
Card of Safe Return||||||||||||||3|3|3|3|3|3|3|3|3|2|1|0|0|0|Card of Safe Return|0|0|0|0|0|0|0|0|0|0|0|0|0|0|0|0|0|0|0|0|0|0|0|0|0|0|0|0|0|0|0|0|0|0|0|Card of Safe Return|0|0|0|0|0
Card Trooper||||||||||||||||||3|3|1|1|1|1|1|1|1|1|Card Trooper|2|2|2|2|2|2|2|2|2|2|2|2|2|2|2|2|2|2|2|2|2|2|3|3|3|3|3|3|3|3|3|3|3|3|3|Card Trooper|3|3|3|3|3
Ceasefire||||1|1|1|1|1|1|1|1|1|1|1|1|1|1|1|1|1|1|1|1|1|1|1|1|Ceasefire|1|1|1|1|1|1|1|1|1|1|2|2|2|2|2|2|2|2|2|2|2|2|3|3|3|3|3|3|3|3|3|3|3|3|3|Ceasefire|3|3|3|3|3
Chain Strike||||||||||||||||||1|1|1|1|1|2|2|2|2|2|Chain Strike|2|2|2|2|2|2|2|2|2|2|2|2|2|2|2|2|2|2|2|2|2|2|2|1|1|1|1|1|1|1|1|1|1|1|1|Chain Strike|1|1|1|1|1
Change of Heart|1|1|1|1|1|1|1|1|1|1|1|1|1|0|0|0|0|0|0|0|0|0|0|0|0|0|0|Change of Heart|0|0|0|0|0|0|0|0|0|0|0|0|0|0|0|0|0|0|0|0|0|0|0|0|0|0|0|0|0|0|0|0|0|0|0|Change of Heart|0|0|0|0|1
Chaos Emperor Dragon - Envoy of the End|||||||||||1|0|0|0|0|0|0|0|0|0|0|0|0|0|0|0|0|Chaos Emperor Dragon - Envoy of the End|0|0|0|0|0|0|0|0|0|0|0|0|0|0|0|0|0|0|0|0|0|0|0|0|0|0|1|1|2|3|3|3|3|3|3|Chaos Emperor Dragon - Envoy of the End|3|3|3|3|3
Chaos Sorcerer|||||||||||3|3|3|3|3|3|0|0|0|0|0|0|0|1|2|1|2|Chaos Sorcerer|3|3|3|1|1|1|1|2|2|2|2|2|2|2|3|3|3|3|3|3|3|3|3|3|3|3|3|3|3|3|3|3|3|3|3|Chaos Sorcerer|3|3|3|3|3
Charge of the Light Brigade||||||||||||||||||||||||3|3|1|1|Charge of the Light Brigade|1|1|1|1|1|1|1|1|1|1|1|1|2|2|2|2|2|2|2|2|3|3|3|3|3|3|3|3|3|3|3|3|3|3|3|Charge of the Light Brigade|3|3|3|3|3
Chicken Game||||||||||||||||||||||||||||Chicken Game|||||||||||||||3|3|0|0|0|0|0|0|0|0|0|0|0|0|0|0|0|0|0|0|0|Chicken Game|0|0|0|0|0
Cir, Malebranche of the Burning Abyss||||||||||||||||||||||||||||Cir, Malebranche of the Burning Abyss|||||||||||3|3|3|3|2|2|2|1|1|1|1|1|1|1|1|1|1|1|1|1|1|1|1|2|3|Cir, Malebranche of the Burning Abyss|3|3|3|3|3
Coach Soldier Wolfbark||||||||||||||||||||||||||||Coach Soldier Wolfbark|||||||3|3|1|1|3|3|3|3|3|3|3|3|3|3|3|3|3|3|3|3|3|3|3|3|3|3|3|3|3|Coach Soldier Wolfbark|3|3|3|3|3
Cold Wave||||||||||||||3|3|3|3|3|3|3|3|3|3|3|1|1|1|Cold Wave|0|0|0|0|0|0|0|0|0|0|0|0|0|0|0|0|0|0|0|0|0|0|0|0|0|0|0|0|0|0|0|0|0|0|0|Cold Wave|0|0|0|0|0
Compulsory Evacuation Device||||||||||||||3|3|3|3|3|3|3|3|3|3|3|3|3|3|Compulsory Evacuation Device|3|3|3|3|3|1|1|1|1|1|1|1|1|1|1|1|1|1|1|1|1|1|1|3|3|3|3|3|3|3|3|3|3|3|3|Compulsory Evacuation Device|3|3|3|3|3
Confiscation|||1|1|1|1|1|1|1|1|1|1|1|0|1|1|1|1|1|0|0|0|0|0|0|0|0|Confiscation|0|0|0|0|0|0|0|0|0|0|0|0|0|0|0|0|0|0|0|0|0|0|0|0|0|0|0|0|0|0|0|0|0|0|0|Confiscation|0|0|0|0|0
Constellar Ptolemy M7||||||||||||||||||||||||||||Constellar Ptolemy M7||||||1|1|3|3|3|3|3|3|3|3|3|3|3|3|3|3|3|3|3|3|3|3|3|3|3|3|3|3|3|3|Constellar Ptolemy M7|3|3|3|3|3
Creature Swap|||||||2|2|2|2|2|2|2|2|2|2|2|2|2|2|3|3|3|3|3|3|3|Creature Swap|3|3|3|3|3|3|3|3|3|3|3|3|3|3|3|3|3|3|3|3|3|3|3|3|3|3|3|3|3|3|3|3|3|3|3|Creature Swap|3|3|3|3|3
Crush Card Virus||||||||||||||||||1|1|1|1|1|1|1|0|0|0|Crush Card Virus|0|0|0|0|0|0|0|0|0|0|0|0|1|1|1|1|3|3|3|3|3|3|3|3|3|3|3|3|3|3|3|3|3|3|3|Crush Card Virus|3|3|3|3|3
Crystron Halqifibrax||||||||||||||||||||||||||||Crystron Halqifibrax|||||||||||||||||||||||||||||||3|3|3|3|3|Crystron Halqifibrax|3|3|3|3|1
Cyber Angel Benten||||||||||||||||||||||||||||Cyber Angel Benten||||||||||||||||||3|3|3|3|3|3|3|3|3|3|3|3|3|3|3|3|3|3|Cyber Angel Benten|1|1|1|1|2
Cyber Dragon|||||||||||||||3|3|3|3|3|3|2|2|1|1|1|2|3|Cyber Dragon|3|3|3|3|3|3|3|3|3|3|3|3|3|3|3|3|3|3|3|3|3|3|3|3|3|3|3|3|3|3|3|3|3|3|3|Cyber Dragon|3|3|3|3|3
Cyber Jar|||1|1|1|1|1|1|1|1|1|1|1|1|1|0|0|0|0|0|0|0|0|0|0|0|0|Cyber Jar|0|0|0|0|0|0|0|0|0|0|0|0|0|0|0|0|0|0|0|0|0|0|0|0|0|0|0|0|0|0|0|0|0|0|0|Cyber Jar|0|0|0|0|0
Cyber-Stein||||||||||||||3|3|3|0|0|0|0|0|0|0|0|0|0|0|Cyber-Stein|0|0|0|0|0|0|0|0|0|0|0|0|0|0|0|0|0|0|0|0|0|0|0|0|0|0|1|1|1|1|1|1|1|1|1|Cyber-Stein|1|1|1|1|1
D.D. Assailant||||||||||||||3|3|1|1|2|2|3|3|3|3|3|3|3|3|D.D. Assailant|3|3|3|3|3|3|3|3|3|3|3|3|3|3|3|3|3|3|3|3|3|3|3|3|3|3|3|3|3|3|3|3|3|3|3|D.D. Assailant|3|3|3|3|3
D.D. Warrior Lady||||||||||3|3|3|3|1|1|1|1|1|1|1|1|1|1|1|3|3|3|D.D. Warrior Lady|3|3|3|3|3|3|3|3|3|3|3|3|3|3|3|3|3|3|3|3|3|3|3|3|3|3|3|3|3|3|3|3|3|3|3|D.D. Warrior Lady|3|3|3|3|3
Daigusto Emeral||||||||||||||||||||||||||||Daigusto Emeral||||||3|3|3|3|3|3|3|3|3|3|3|3|3|3|3|0|0|0|0|0|0|0|0|1|1|1|1|1|1|1|Daigusto Emeral|1|1|1|1|1
Dandylion|||||||||||||||||||||||1|1|1|2|2|Dandylion|1|1|1|1|1|1|1|1|1|1|1|1|1|1|1|1|1|1|1|1|1|1|0|0|0|0|0|0|0|0|0|0|0|0|0|Dandylion|0|0|0|0|0
Danger! Nessie!||||||||||||||||||||||||||||Danger! Nessie!|||||||||||||||||||||||||3|3|3|3|2|2|1|1|1|1|1|Danger! Nessie!|1|1|2|3|3
Danger!? Jackalope?||||||||||||||||||||||||||||Danger!? Jackalope?|||||||||||||||||||||||||3|3|3|3|2|2|2|1|1|1|1|Danger!? Jackalope?|1|1|1|1|1
Danger!? Tsuchinoko?||||||||||||||||||||||||||||Danger!? Tsuchinoko?||||||||||||||||||||||||||3|3|3|2|2|2|1|1|1|1|Danger!? Tsuchinoko?|1|1|1|1|1
Dark Armed Dragon|||||||||||||||||||||3|3|2|1|1|1|1|Dark Armed Dragon|1|1|1|1|1|1|1|1|1|1|1|1|1|1|1|1|1|1|1|1|1|1|1|1|1|1|1|1|1|2|3|3|3|3|3|Dark Armed Dragon|3|3|3|3|3
Dark Grepher|||||||||||||||||||||3|3|3|3|3|3|3|Dark Grepher|3|3|3|3|3|3|3|3|3|3|3|3|3|3|3|3|3|3|3|3|3|3|3|3|3|3|1|1|1|1|1|1|1|1|1|Dark Grepher|1|1|1|1|1
Dark Hole|1|1|1|1|1|1|1|1|1|1|1|0|0|0|1|0|0|0|0|0|0|0|0|0|0|0|1|Dark Hole|1|1|1|1|1|1|1|1|1|1|1|2|2|2|2|2|2|2|2|2|1|1|1|1|1|1|1|1|3|3|3|3|3|3|3|Dark Hole|3|3|3|3|3
Dark Magician of Chaos||||||||||3|3|3|1|1|1|1|1|1|1|1|1|1|0|0|0|0|0|Dark Magician of Chaos|0|0|0|0|0|0|0|0|0|0|0|0|0|0|0|0|3|3|3|3|3|3|3|3|3|3|3|3|3|3|3|3|3|3|3|Dark Magician of Chaos|3|3|3|3|3
Dark Scorpion - Chick the Yellow||||||||||3|3|3|3|2|3|3|3|3|3|3|3|3|3|3|3|3|3|Dark Scorpion - Chick the Yellow|3|3|3|3|3|3|3|3|3|3|3|3|3|3|3|3|3|3|3|3|3|3|3|3|3|3|3|3|3|3|3|3|3|3|3|Dark Scorpion - Chick the Yellow|3|3|3|3|3
Dark Strike Fighter|||||||||||||||||||||||||0|0|0|Dark Strike Fighter|0|0|0|0|0|0|0|0|0|0|0|1|1|3|3|3|3|3|3|3|3|3|3|3|3|3|3|3|3|3|3|3|3|3|3|Dark Strike Fighter|3|3|3|3|3
Debris Dragon||||||||||||||||||||||||3|3|3|3|Debris Dragon|2|1|1|2|2|2|2|1|1|1|1|1|1|1|1|1|2|2|2|2|3|3|3|3|3|3|3|3|3|3|3|3|3|3|3|Debris Dragon|3|3|3|3|3
Deck Devastation Virus||||||||||||||1|1|2|2|2|2|3|3|3|3|3|3|3|3|Deck Devastation Virus|3|3|3|3|3|3|3|3|3|3|3|3|3|3|3|3|3|3|3|3|3|3|3|3|3|3|3|3|3|3|3|3|3|3|3|Deck Devastation Virus|3|3|3|3|3
Deep Sea Diva|||||||||||||||||||||||||3|3|3|Deep Sea Diva|3|3|3|3|3|1|1|1|1|1|1|1|1|1|1|1|1|1|1|1|1|1|1|1|1|1|1|1|1|1|2|3|3|3|3|Deep Sea Diva|3|3|3|3|3
Delinquent Duo|||1|1|1|1|1|1|1|1|1|0|0|1|0|0|0|0|0|0|0|0|0|0|0|0|0|Delinquent Duo|0|0|0|0|0|0|0|0|0|0|0|0|0|0|0|0|0|0|0|0|0|0|0|0|0|0|0|0|0|0|0|0|0|0|0|Delinquent Duo|0|0|0|0|0
Demise, King of Armageddon||||||||||||||||3|3|3|3|3|3|3|3|3|1|2|2|Demise, King of Armageddon|3|3|3|3|3|3|3|3|3|3|3|3|3|3|3|3|3|3|3|3|3|3|3|3|3|3|3|3|3|3|3|3|3|3|3|Demise, King of Armageddon|3|3|3|3|3
Denglong, First of the Yang Zing||||||||||||||||||||||||||||Denglong, First of the Yang Zing|||||||||||||||||||3|3|0|0|0|0|0|0|0|0|0|0|0|0|0|0|0|Denglong, First of the Yang Zing|0|0|0|0|0
Destiny Draw||||||||||||||||||3|3|3|3|3|3|2|3|1|1|Destiny Draw|1|2|2|3|3|3|3|3|3|3|3|3|3|3|3|3|3|3|3|3|3|3|3|3|3|3|3|3|3|3|3|3|3|3|3|Destiny Draw|3|3|3|3|3
Destiny HERO - Disk Commander|||||||||||||||||||3|1|1|1|0|0|0|0|0|Destiny HERO - Disk Commander|0|0|0|0|0|0|0|0|0|0|0|0|0|0|0|0|0|0|0|0|0|0|0|0|3|3|3|3|3|3|3|3|3|3|3|Destiny HERO - Disk Commander|3|3|3|3|3
Destiny HERO - Malicious||||||||||||||||||3|3|2|2|2|3|2|2|2|2|Destiny HERO - Malicious|2|2|2|2|2|3|3|3|3|3|3|3|3|3|3|3|3|3|3|3|3|3|3|3|3|2|2|2|2|3|3|2|2|2|2|Destiny HERO - Malicious|2|2|2|2|2
Destrudo the Lost Dragon's Frisson||||||||||||||||||||||||||||Destrudo the Lost Dragon's Frisson||||||||||||||||||||||3|3|3|3|3|3|3|3|3|3|0|0|0|0|Destrudo the Lost Dragon's Frisson|0|0|0|1|1
Dewloren, Tiger King of the Ice Barrier|||||||||||||||||||||||||||2|Dewloren, Tiger King of the Ice Barrier|3|2|2|2|2|1|1|1|1|1|1|1|1|1|1|1|1|1|1|1|1|1|1|1|1|1|1|1|1|1|1|1|1|1|1|Dewloren, Tiger King of the Ice Barrier|3|3|3|3|3
Dimension Fusion|||||||||||3|3|3|3|3|3|3|1|1|1|1|0|0|0|0|0|0|Dimension Fusion|0|0|0|0|0|0|0|0|0|0|0|0|0|0|0|0|0|0|0|0|0|0|0|0|0|0|0|0|0|0|0|0|0|0|0|Dimension Fusion|0|0|0|0|0
Dimensional Fissure|||||||||||||||||3|3|3|3|3|3|3|3|3|3|3|Dimensional Fissure|3|3|3|3|3|1|1|1|1|1|1|1|1|1|1|1|1|1|1|1|1|1|1|1|1|1|1|1|1|1|1|1|1|1|1|Dimensional Fissure|1|1|1|1|1
Dimensional Prison|||||||||||||||||||||3|3|3|3|3|3|3|Dimensional Prison|3|3|3|3|3|2|2|2|2|3|3|3|3|3|3|3|3|3|3|3|3|3|3|3|3|3|3|3|3|3|3|3|3|3|3|Dimensional Prison|3|3|3|3|3
Dinomight Knight, the True Dracofighter||||||||||||||||||||||||||||Dinomight Knight, the True Dracofighter||||||||||||||||||||3|0|0|0|1|1|1|1|1|1|1|1|1|1|1|1|Dinomight Knight, the True Dracofighter|1|1|1|1|2
Dinowrestler Pankratops||||||||||||||||||||||||||||Dinowrestler Pankratops||||||||||||||||||||||||||3|3|3|3|3|1|1|1|1|1|Dinowrestler Pankratops|1|1|1|1|1
Divine Wind of Mist Valley||||||||||||||||||||||||||||Divine Wind of Mist Valley|3|3|3|3|3|3|3|1|1|1|1|1|1|1|1|1|1|1|1|1|1|1|1|1|1|1|1|1|1|1|1|1|1|1|1|Divine Wind of Mist Valley|1|1|1|1|1
Djinn Releaser of Rituals||||||||||||||||||||||||||3|3|Djinn Releaser of Rituals|3|3|3|3|3|3|3|3|3|3|3|3|3|0|0|0|0|0|0|0|0|0|0|0|0|0|0|0|0|0|0|0|0|0|0|Djinn Releaser of Rituals|0|0|0|0|0
Double Iris Magician||||||||||||||||||||||||||||Double Iris Magician|||||||||||||||||||||3|3|0|0|0|0|0|0|0|0|0|0|0|1|1|Double Iris Magician|1|2|3|3|3
Draco Face-Off||||||||||||||||||||||||||||Draco Face-Off||||||||||||||||3|1|1|1|1|1|1|1|1|1|1|1|1|1|1|1|1|1|1|1|Draco Face-Off|1|1|1|1|1
Dragon Buster Destruction Sword||||||||||||||||||||||||||||Dragon Buster Destruction Sword||||||||||||||||3|3|3|3|3|3|3|3|3|3|3|3|3|3|3|3|3|3|3|0|Dragon Buster Destruction Sword|3|3|3|3|3
Dragon Ravine||||||||||||||||||||||||||||Dragon Ravine||3|3|3|3|3|3|0|0|0|0|0|1|2|2|2|2|2|2|2|3|3|3|3|3|3|3|3|3|3|3|3|3|3|3|Dragon Ravine|3|3|3|3|3
Dragonic Diagram||||||||||||||||||||||||||||Dragonic Diagram||||||||||||||||||||3|3|3|3|3|3|3|3|3|3|3|1|1|1|1|1|Dragonic Diagram|1|1|1|1|1
Drop Off|||||||3|3|3|3|3|3|3|3|3|1|3|3|3|3|3|3|3|3|3|3|3|Drop Off|3|3|3|3|3|3|3|3|3|3|3|3|3|3|3|3|3|3|3|3|3|3|3|3|3|3|3|3|3|3|3|3|3|3|3|Drop Off|3|3|3|3|3
E - Emergency Call|||||||||||||||||3|3|3|3|3|3|3|3|3|3|3|E - Emergency Call|3|3|3|2|2|3|3|3|3|3|3|3|3|3|3|3|3|3|3|3|3|3|3|3|3|3|3|3|3|3|3|3|3|3|3|E - Emergency Call|3|3|3|3|3
Eclipse Wyvern||||||||||||||||||||||||||||Eclipse Wyvern|||3|3|3|3|3|3|3|3|3|3|3|3|3|3|3|3|3|3|3|3|3|3|3|3|3|3|0|0|0|0|0|0|0|Eclipse Wyvern|0|0|0|0|0
Ehther the Heavenly Monarch||||||||||||||||||||||||||||Ehther the Heavenly Monarch||||||||||||||||3|3|1|1|1|1|1|1|1|1|1|1|1|2|3|3|3|3|3|3|Ehther the Heavenly Monarch|3|3|3|3|3
El Shaddoll Construct||||||||||||||||||||||||||||El Shaddoll Construct|||||||||||3|3|3|3|0|0|0|0|0|0|0|0|0|0|0|0|1|1|1|3|3|3|3|3|3|El Shaddoll Construct|3|3|3|3|3
El Shaddoll Fusion||||||||||||||||||||||||||||El Shaddoll Fusion||||||||||||3|3|3|1|1|1|1|1|1|2|2|3|3|3|3|3|3|3|3|3|3|3|3|3|El Shaddoll Fusion|3|3|3|3|3
Elder Entity Norden||||||||||||||||||||||||||||Elder Entity Norden|||||||||||||||3|3|1|1|1|0|0|0|0|0|0|0|0|0|0|0|0|0|0|0|0|Elder Entity Norden|0|0|0|0|0
Elemental HERO Stratos||||||||||||||||||1|1|1|1|1|1|1|1|1|1|Elemental HERO Stratos|1|1|1|1|1|0|0|0|0|0|0|0|0|0|0|0|0|0|0|0|0|0|0|0|1|1|1|1|2|3|3|3|3|3|3|Elemental HERO Stratos|3|3|3|3|3
Emergency Provisions||||||||||||3|3|2|2|2|3|3|3|3|3|3|3|3|3|3|3|Emergency Provisions|3|3|3|3|3|3|3|3|3|3|3|3|3|3|3|3|3|3|3|3|3|3|3|3|3|3|3|3|3|3|3|3|3|3|3|Emergency Provisions|3|3|3|3|3
Emergency Teleport|||||||||||||||||||||||3|1|1|1|1|Emergency Teleport|1|1|2|3|3|3|3|3|3|3|3|3|3|3|3|3|2|1|1|1|1|1|1|1|1|1|1|1|1|1|1|1|1|1|1|Emergency Teleport|1|1|2|3|3
Eradicator Epidemic Virus|||||||||||||||||||3|3|3|3|3|3|3|3|3|Eradicator Epidemic Virus|3|3|3|3|3|1|1|1|1|1|1|1|1|1|1|1|1|1|1|1|1|1|1|1|1|1|3|3|3|3|3|3|3|3|3|Eradicator Epidemic Virus|3|3|3|3|3
Eva||||||||||||||||||||||||||||Eva|||||||||||||||||||||||3|3|3|3|3|3|3|3|3|3|3|3|3|Eva|3|3|1|0|0
Evigishki Gustkraken||||||||||||||||||||||||||||Evigishki Gustkraken||||1|1|1|1|1|1|1|1|1|1|1|1|1|1|1|1|1|1|1|1|1|1|1|1|1|1|1|1|1|1|3|3|Evigishki Gustkraken|3|3|3|3|3
Evigishki Mind Augus||||||||||||||||||||||||||||Evigishki Mind Augus|||3|3|3|1|1|1|1|1|1|1|1|1|1|1|1|1|1|1|1|1|1|1|1|1|1|1|1|1|1|1|1|1|3|Evigishki Mind Augus|3|3|3|3|3
Evilswarm Exciton Knight||||||||||||||||||||||||||||Evilswarm Exciton Knight|||||||||3|3|3|3|3|3|0|0|0|0|0|0|0|0|0|0|1|1|3|3|3|3|3|3|3|3|3|Evilswarm Exciton Knight|3|3|3|3|3
Exchange of the Spirit|||||||||||||||1|0|0|0|0|0|0|0|0|0|0|0|0|Exchange of the Spirit|0|0|0|0|0|0|0|0|0|0|0|0|1|3|3|3|3|3|3|3|3|3|3|3|3|3|3|3|3|3|3|3|3|3|3|Exchange of the Spirit|3|3|3|3|3
Exiled Force|||||||1|1|1|1|1|1|1|1|1|1|2|3|3|3|3|3|3|3|3|3|3|Exiled Force|3|3|3|3|3|3|3|3|3|3|3|3|3|3|3|3|3|3|3|3|3|3|3|3|3|3|3|3|3|3|3|3|3|3|3|Exiled Force|3|3|3|3|3
Exodia the Forbidden One|1|1|1|1|1|1|1|1|1|1|1|1|1|1|1|1|1|1|1|1|1|1|1|1|1|1|1|Exodia the Forbidden One|1|1|1|1|1|1|1|1|1|1|1|1|1|1|1|1|1|1|1|1|1|1|1|1|1|1|1|1|1|1|1|1|1|1|1|Exodia the Forbidden One|1|1|1|1|1
Fairy Tail - Snow||||||||||||||||||||||||||||Fairy Tail - Snow||||||||||||||||||3|3|3|3|3|3|3|3|3|0|0|0|0|0|0|0|0|0|Fairy Tail - Snow|0|0|0|1|1
Fiber Jar|||||||1|1|1|1|1|1|1|0|0|0|0|0|0|0|0|0|0|0|0|0|0|Fiber Jar|0|0|0|0|0|0|0|0|0|0|0|0|0|0|0|0|0|0|0|0|0|0|0|0|0|0|0|0|0|0|0|0|0|0|0|Fiber Jar|0|0|0|0|0
Final Countdown||||||||||||||3|3|3|3|3|3|3|3|3|3|3|3|3|3|Final Countdown|3|3|3|3|3|3|3|1|1|1|1|1|1|1|1|1|1|1|1|1|1|1|1|1|1|1|1|1|1|1|1|1|1|1|1|Final Countdown|1|1|1|1|1
Fire Formation - Tenki||||||||||||||||||||||||||||Fire Formation - Tenki|||||3|2|2|3|3|3|3|3|3|3|3|3|3|3|3|3|3|3|3|3|3|3|3|3|3|3|3|3|3|3|3|Fire Formation - Tenki|3|3|1|1|2
Firewall Dragon||||||||||||||||||||||||||||Firewall Dragon|||||||||||||||||||||3|3|1|1|1|0|0|0|0|0|0|0|0|0|0|Firewall Dragon|3|3|3|3|3
Fishborg Blaster|||||||||||||||||||||||||3|3|3|Fishborg Blaster|3|0|0|0|0|0|0|0|0|0|0|0|0|0|0|0|0|0|0|0|0|0|0|0|0|0|0|0|0|0|0|0|0|0|0|Fishborg Blaster|0|0|0|0|0
Fissure|||||||||||3|3|3|3|3|3|3|3|3|1|1|1|1|1|3|3|3|Fissure|3|3|3|3|3|3|3|3|3|3|3|3|3|3|3|3|3|3|3|3|3|3|3|3|3|3|3|3|3|3|3|3|3|3|3|Fissure|3|3|3|3|3
Foolish Burial|||||||||||||||||||||2|2|2|2|2|1|1|Foolish Burial|1|1|1|1|1|1|1|1|1|1|1|1|1|1|1|1|1|1|1|1|1|1|1|1|1|1|1|1|1|1|1|1|1|1|1|Foolish Burial|1|1|1|1|1
Formula Synchron||||||||||||||||||||||||||||Formula Synchron|3|1|1|1|1|1|1|1|1|2|3|3|3|3|3|3|3|3|3|3|3|3|3|3|3|3|3|3|3|3|3|3|3|3|3|Formula Synchron|3|3|3|3|3
Fusion Destiny||||||||||||||||||||||||||||Fusion Destiny|||||||||||||||||||||||||||||3|3|3|3|3|3|3|Fusion Destiny|3|3|3|2|2
Future Fusion|||||||||||||||||1|1|1|1|1|1|1|1|1|1|1|Future Fusion|1|1|1|0|0|0|0|0|0|0|0|0|0|0|0|0|0|0|1|1|1|1|3|3|3|3|3|3|3|3|3|3|3|3|3|Future Fusion|3|3|3|3|3
Gateway of the Six||||||||||||||||||||||||||3|3|Gateway of the Six|1|1|1|1|1|0|0|0|0|0|0|0|0|0|0|0|0|0|0|0|1|1|1|1|1|1|1|1|1|1|1|1|1|1|1|Gateway of the Six|1|1|1|1|1
Geargiagear||||||||||||||||||||||||||||Geargiagear||||||3|3|3|3|1|1|1|1|1|3|3|3|3|3|3|3|3|3|3|3|3|3|3|3|3|3|3|3|3|3|Geargiagear|3|3|3|3|3
Gem-Knight Master Diamond||||||||||||||||||||||||||||Gem-Knight Master Diamond||||||3|3|3|3|3|3|3|3|3|3|3|3|3|3|3|3|3|3|1|1|1|1|1|1|1|1|1|1|1|1|Gem-Knight Master Diamond|1|1|1|1|1
Genex Ally Birdman||||||||||||||||||||||||||||Genex Ally Birdman||3|3|3|3|1|1|1|1|1|1|1|1|1|1|1|1|1|1|1|1|1|1|1|1|1|1|1|1|1|1|1|1|1|1|Genex Ally Birdman|1|1|1|1|1
Giant Trunade|||3|3|3|3|3|3|3|3|3|3|3|3|3|3|2|1|1|1|1|1|1|1|1|1|1|Giant Trunade|1|0|0|0|0|0|0|0|0|0|0|0|0|0|0|0|0|0|0|0|0|0|0|0|0|0|0|0|0|0|0|0|0|0|0|Giant Trunade|0|0|0|0|0
Gladiator Beast Bestiari|||||||||||||||||||||3|3|3|1|1|1|1|Gladiator Beast Bestiari|1|1|1|1|1|1|1|1|1|1|1|1|3|3|3|3|3|3|3|3|3|3|3|3|3|3|3|3|3|3|3|3|3|3|3|Gladiator Beast Bestiari|3|3|3|3|3
Glow-Up Bulb||||||||||||||||||||||||||||Glow-Up Bulb|3|3|0|0|0|0|0|0|0|0|1|1|1|3|1|1|1|1|1|1|1|1|1|1|1|1|1|1|1|1|1|0|0|0|0|Glow-Up Bulb|0|0|0|0|0
Goblin Zombie|||||||||||||||||||||3|3|3|2|2|2|3|Goblin Zombie|3|3|3|3|3|3|3|3|3|3|3|3|3|3|3|3|3|3|3|3|3|3|3|3|3|3|3|3|3|3|3|3|3|3|3|Goblin Zombie|3|3|3|3|3
Gold Sarcophagus||||||||||||||||||||1|1|1|1|2|2|2|2|Gold Sarcophagus|3|3|3|3|3|1|1|1|1|1|1|1|1|1|1|1|1|3|3|3|3|3|3|3|3|3|1|1|1|1|1|1|1|1|1|Gold Sarcophagus|1|1|1|1|1
Good Goblin Housekeeping||||||||||||||2|2|2|2|2|2|3|3|3|3|3|3|3|3|Good Goblin Housekeeping|3|3|3|3|3|3|3|3|3|3|3|3|3|3|3|3|3|3|3|3|3|3|3|3|3|3|3|3|3|3|3|3|3|3|3|Good Goblin Housekeeping|3|3|3|3|3
Gorz the Emissary of Darkness|||||||||||||||||||||||1|1|1|1|1|Gorz the Emissary of Darkness|1|1|1|1|1|1|1|1|1|1|2|2|3|3|3|3|3|3|3|3|3|3|3|3|3|3|3|3|3|3|3|3|3|3|3|Gorz the Emissary of Darkness|3|3|3|3|3
Goyo Guardian||||||||||||||||||||||||1|1|1|1|Goyo Guardian|0|0|0|0|0|0|0|0|0|1|1|2|3|3|3|3|3|3|3|3|3|3|3|3|3|3|3|3|3|3|3|3|3|3|3|Goyo Guardian|3|3|3|3|3
Graceful Charity|||||3|2|2|1|1|1|1|0|0|1|0|1|1|0|0|0|0|0|0|0|0|0|0|Graceful Charity|0|0|0|0|0|0|0|0|0|0|0|0|0|0|0|0|0|0|0|0|0|0|0|0|0|0|0|0|0|0|0|0|0|0|0|Graceful Charity|0|0|0|0|0
Graff, Malebranche of the Burning Abyss||||||||||||||||||||||||||||Graff, Malebranche of the Burning Abyss|||||||||||3|3|3|3|1|1|1|1|1|1|1|1|1|1|1|1|1|1|1|1|1|1|1|2|3|Graff, Malebranche of the Burning Abyss|3|3|3|3|3
Grandsoil the Elemental Lord||||||||||||||||||||||||||||Grandsoil the Elemental Lord|||||3|3|3|3|3|3|3|3|3|3|3|3|3|3|3|3|0|0|0|3|3|3|3|3|3|3|3|3|3|3|3|Grandsoil the Elemental Lord|3|3|3|3|3
Gravity Bind||||3|3|3|3|3|3|3|3|3|3|2|2|2|1|1|1|1|1|1|1|1|1|1|1|Gravity Bind|1|3|3|3|3|3|3|3|3|3|3|3|3|3|3|3|3|3|3|3|3|3|3|3|3|3|3|3|3|3|3|3|3|3|3|Gravity Bind|3|3|3|3|3
Green Baboon, Defender of the Forest|||||||||||||||||||1|1|1|1|1|2|3|3|3|Green Baboon, Defender of the Forest|3|3|3|3|3|3|3|3|3|3|3|3|3|3|3|3|3|3|3|3|3|3|3|3|3|3|3|3|3|3|3|3|3|3|3|Green Baboon, Defender of the Forest|3|3|3|3|3
Green Gadget||||||||||||||||||3|3|2|3|3|3|3|3|3|3|Green Gadget|3|3|3|3|3|3|3|3|3|3|3|3|3|3|3|3|3|3|3|3|3|3|3|3|3|3|3|3|3|3|3|3|3|3|3|Green Gadget|3|3|3|3|3
Grinder Golem|||||||||||||||||||||3|3|3|3|3|3|3|Grinder Golem|3|3|3|3|3|3|3|3|3|3|3|3|3|3|3|3|3|3|3|3|3|3|1|1|1|1|0|0|0|0|0|0|0|0|0|Grinder Golem|0|0|0|0|0
Guardragon Agarpain||||||||||||||||||||||||||||Guardragon Agarpain||||||||||||||||||||||||||||3|3|0|0|0|0|0|0|Guardragon Agarpain|0|0|0|0|0
Guardragon Elpy||||||||||||||||||||||||||||Guardragon Elpy||||||||||||||||||||||||||||3|3|3|3|3|3|3|3|Guardragon Elpy|3|0|0|0|0
Harpie's Feather Duster|||||3|1|1|1|1|1|1|0|0|0|0|0|0|0|0|0|0|0|0|0|0|0|0|Harpie's Feather Duster|0|0|0|0|0|0|0|0|0|0|0|0|0|0|0|0|0|0|0|0|0|0|0|0|0|0|0|0|0|0|0|0|0|1|1|Harpie's Feather Duster|1|1|1|1|1
Heavy Storm||2|2|2|2|1|1|1|1|1|1|1|1|1|1|1|1|1|1|1|1|1|1|1|1|1|0|Heavy Storm|0|1|1|1|1|0|0|0|0|0|0|0|0|0|0|0|0|0|0|0|0|0|0|0|0|0|0|0|0|0|0|0|0|0|0|Heavy Storm|0|0|0|0|0
Heavymetalfoes Electrumite||||||||||||||||||||||||||||Heavymetalfoes Electrumite|||||||||||||||||||||||3|3|1|1|1|1|1|1|0|0|0|0|0|Heavymetalfoes Electrumite|0|0|0|0|0
Hieratic Seal of Convocation||||||||||||||||||||||||||||Hieratic Seal of Convocation||||2|2|3|3|3|2|2|2|2|3|3|3|3|3|3|3|3|3|3|3|3|3|3|3|3|3|3|3|3|3|3|3|Hieratic Seal of Convocation|3|3|3|3|3
Honest|||||||||||||||3|3|3|3|3|3|3|3|3|3|3|2|2|Honest|1|1|1|1|1|1|1|1|1|1|1|2|2|2|2|2|2|2|2|2|3|3|3|3|3|3|3|3|3|3|3|3|3|3|3|Honest|3|3|3|3|3
Ib the World Chalice Justiciar||||||||||||||||||||||||||||Ib the World Chalice Justiciar|||||||||||||||||||||||||||||3|3|0|0|0|0|0|Ib the World Chalice Justiciar|0|0|0|0|0
Icarus Attack|||||||||||||||||3|3|3|3|3|3|3|3|3|3|3|Icarus Attack|2|3|3|3|3|3|3|3|3|3|3|3|3|3|3|3|3|3|3|3|3|3|3|3|3|3|3|3|3|3|3|3|3|3|3|Icarus Attack|3|3|3|3|3
Ignis Heat, the True Dracowarrior||||||||||||||||||||||||||||Ignis Heat, the True Dracowarrior||||||||||||||||||||3|1|1|1|3|3|3|3|3|3|3|3|3|3|3|3|Ignis Heat, the True Dracowarrior|3|3|3|3|3
Ignister Prominence, the Blasting Dracoslayer||||||||||||||||||||||||||||Ignister Prominence, the Blasting Dracoslayer|||||||||||||||3|3|1|1|1|1|1|1|1|1|1|1|1|1|1|1|1|1|1|1|1|Ignister Prominence, the Blasting Dracoslayer|3|3|3|3|3
Imperial Order||||1|1|1|1|1|1|1|1|0|0|0|0|0|0|0|0|0|0|0|0|0|0|0|0|Imperial Order|0|0|0|0|0|0|0|0|0|0|0|0|0|0|0|0|0|0|1|1|1|1|1|1|1|1|1|1|1|1|1|1|1|1|1|Imperial Order|1|1|1|0|0
Infernity Archfiend|||||||||||||||||||||||||||3|Infernity Archfiend|3|3|3|3|3|3|3|3|3|3|1|1|1|1|1|1|1|1|1|1|1|1|1|1|1|1|1|1|1|1|1|1|1|1|1|Infernity Archfiend|1|1|1|1|1
Infernity Barrier|||||||||||||||||||||||||||3|Infernity Barrier|3|3|3|3|3|3|3|3|1|1|1|1|1|1|1|1|1|1|1|1|1|1|1|1|1|1|3|3|3|3|3|3|3|3|3|Infernity Barrier|3|3|3|3|3
Infernity Launcher|||||||||||||||||||||||||||1|Infernity Launcher|1|1|1|1|1|1|1|1|1|1|1|1|1|1|1|1|1|1|1|1|1|1|1|1|1|1|1|1|1|1|1|1|1|1|1|Infernity Launcher|1|1|1|1|1
Injection Fairy Lily|||||||1|1|1|1|1|1|1|1|1|1|1|3|3|3|3|3|3|3|3|3|3|Injection Fairy Lily|3|3|3|3|3|3|3|3|3|3|3|3|3|3|3|3|3|3|3|3|3|3|3|3|3|3|3|3|3|3|3|3|3|3|3|Injection Fairy Lily|3|3|3|3|3
Instant Fusion||||||||||||||||||3|3|3|3|3|3|3|3|3|3|Instant Fusion|3|3|3|3|3|3|3|3|3|3|3|3|3|3|3|3|3|3|3|3|3|3|3|3|3|3|3|3|3|3|3|1|1|1|1|Instant Fusion|1|1|1|1|1
Interrupted Kaiju Slumber||||||||||||||||||||||||||||Interrupted Kaiju Slumber||||||||||||||||3|3|3|2|2|1|1|1|1|1|1|3|3|3|3|3|3|3|3|3|Interrupted Kaiju Slumber|3|3|3|3|3
Into the Void|||||||||||||||||||||||||||3|Into the Void|3|3|3|3|3|3|3|3|3|3|3|3|3|3|3|3|3|3|3|3|3|3|3|3|3|3|3|3|3|3|1|1|1|1|1|Into the Void|1|1|1|1|1
Inzektor Dragonfly||||||||||||||||||||||||||||Inzektor Dragonfly|||3|1|1|1|1|1|1|1|1|1|1|1|1|1|1|1|1|1|1|1|1|1|1|1|1|1|2|3|3|3|3|3|3|Inzektor Dragonfly|3|3|3|3|3
Inzektor Hornet||||||||||||||||||||||||||||Inzektor Hornet|||3|1|1|1|1|1|1|1|1|1|1|1|1|1|1|1|1|1|1|1|1|1|1|1|3|3|3|3|3|3|3|3|3|Inzektor Hornet|3|3|3|3|3
Jet Synchron||||||||||||||||||||||||||||Jet Synchron|||||||||||||||3|3|3|3|3|3|3|3|3|3|3|3|3|3|3|3|3|3|3|0|0|Jet Synchron|0|0|0|0|1
Jinzo||||1|1|1|1|1|1|1|1|1|1|1|1|1|1|1|1|2|3|3|3|3|3|3|3|Jinzo|3|3|3|3|3|3|3|3|3|3|3|3|3|3|3|3|3|3|3|3|3|3|3|3|3|3|3|3|3|3|3|3|3|3|3|Jinzo|3|3|3|3|3
Judgment Dragon|||||||||||||||||||||||2|2|2|2|2|Judgment Dragon|2|3|3|3|3|3|3|3|3|3|3|3|3|3|3|3|3|3|3|3|3|3|3|3|3|3|3|3|3|3|3|3|3|3|3|Judgment Dragon|3|3|3|3|3
Kaiser Colosseum||||||||||||||3|3|3|3|3|3|3|3|3|3|3|3|3|3|Kaiser Colosseum|3|3|3|3|3|3|3|3|3|3|3|3|3|3|3|3|3|0|0|0|0|0|0|0|0|0|0|0|0|0|0|0|0|0|0|Kaiser Colosseum|0|0|0|0|0
Knightmare Goblin||||||||||||||||||||||||||||Knightmare Goblin||||||||||||||||||||||||3|0|0|0|0|0|0|0|0|0|0|0|Knightmare Goblin|0|0|0|0|0
Knightmare Mermaid||||||||||||||||||||||||||||Knightmare Mermaid||||||||||||||||||||||||3|3|3|3|3|3|0|0|0|0|0|0|Knightmare Mermaid|0|0|0|0|0
Kozmo Dark Destroyer||||||||||||||||||||||||||||Kozmo Dark Destroyer|||||||||||||||3|3|3|1|1|1|1|1|1|1|2|3|3|3|3|3|3|3|3|3|3|Kozmo Dark Destroyer|3|3|3|3|3
Lady Debug||||||||||||||||||||||||||||Lady Debug|||||||||||||||||||||||||3|3|3|1|1|1|3|3|3|3|3|Lady Debug|3|3|3|3|3
Last Turn|||||||2|2|2|2|2|2|2|2|2|0|0|0|0|0|0|0|0|0|0|0|0|Last Turn|0|0|0|0|0|0|0|0|0|0|0|0|0|0|0|0|0|0|0|0|0|0|0|0|0|0|0|0|0|0|0|0|0|0|0|Last Turn|0|0|0|0|0
Last Will|3|3|3|3|3|3|3|3|3|3|3|3|3|3|3|1|1|0|0|0|0|0|0|0|0|0|0|Last Will|0|0|0|0|0|0|0|0|0|0|0|0|0|0|0|0|0|0|0|0|0|0|0|0|0|0|0|0|0|0|0|0|0|0|0|Last Will|0|0|0|0|0
Lavalval Chain||||||||||||||||||||||||||||Lavalval Chain||||||3|3|3|3|3|3|3|3|0|0|0|0|0|0|0|0|0|0|0|0|0|0|0|0|0|0|0|0|0|0|Lavalval Chain|0|0|0|0|0
Left Arm of the Forbidden One|1|1|1|1|1|1|1|1|1|1|1|1|1|1|1|1|1|1|1|1|1|1|1|1|1|1|1|Left Arm of the Forbidden One|1|1|1|1|1|1|1|1|1|1|1|1|1|1|1|1|1|1|1|1|1|1|1|1|1|1|1|1|1|1|1|1|1|1|1|Left Arm of the Forbidden One|1|1|1|1|1
Left Leg of the Forbidden One|1|1|1|1|1|1|1|1|1|1|1|1|1|1|1|1|1|1|1|1|1|1|1|1|1|1|1|Left Leg of the Forbidden One|1|1|1|1|1|1|1|1|1|1|1|1|1|1|1|1|1|1|1|1|1|1|1|1|1|1|1|1|1|1|1|1|1|1|1|Left Leg of the Forbidden One|1|1|1|1|1
Legendary Six Samurai - Shi En||||||||||||||||||||||||||||Legendary Six Samurai - Shi En|3|1|2|2|2|2|2|2|2|2|2|2|2|2|3|3|3|3|3|3|3|3|3|3|3|3|3|3|3|3|3|3|3|3|3|Legendary Six Samurai - Shi En|3|3|3|3|3
Level Eater||||||||||||||||||||||||||3|3|Level Eater|3|3|3|3|3|3|3|3|3|3|3|3|3|3|3|3|3|3|3|3|3|3|0|0|0|0|0|0|0|0|0|0|0|0|0|Level Eater|0|0|0|0|0
Level Limit - Area B||||||||||||3|3|2|2|1|1|1|1|1|1|1|1|1|1|1|1|Level Limit - Area B|1|1|2|3|3|3|3|3|3|3|3|3|3|3|3|3|3|3|3|3|3|3|3|3|3|3|3|3|3|3|3|3|3|3|3|Level Limit - Area B|3|3|3|3|3
Light and Darkness Dragon|||||||||||||||||||||2|2|3|3|3|3|3|Light and Darkness Dragon|3|3|3|3|3|3|3|3|3|3|3|3|3|3|3|3|3|3|3|3|3|3|3|3|3|3|3|3|3|3|3|3|3|3|3|Light and Darkness Dragon|3|3|3|3|3
Lightning Vortex||||||||||||||1|1|1|3|3|3|3|3|3|3|3|3|3|3|Lightning Vortex|3|3|3|3|3|3|3|3|3|3|3|3|3|3|3|3|3|3|3|3|3|3|3|3|3|3|3|3|3|3|3|3|3|3|3|Lightning Vortex|3|3|3|3|3
Lightning, Dragon Ruler of Drafts||||||||||||||||||||||||||||Lightning, Dragon Ruler of Drafts||||||0|0|0|0|0|0|0|3|3|3|3|3|3|3|3|3|3|3|3|3|3|3|3|3|3|3|3|3|3|3|Lightning, Dragon Ruler of Drafts|3|3|3|3|3
Limiter Removal||||1|1|1|1|3|3|3|3|3|3|3|1|1|1|1|1|1|1|1|1|1|1|1|1|Limiter Removal|1|1|1|1|1|1|1|1|1|1|1|1|1|1|1|1|1|1|1|1|1|1|1|1|2|2|3|3|3|3|3|3|3|3|3|Limiter Removal|3|3|3|3|3
Linkross||||||||||||||||||||||||||||Linkross||||||||||||||||||||||||||||||||3|3|3|0|Linkross|0|0|0|0|0
Lonefire Blossom|||||||||||||||||||||3|3|3|3|2|2|2|Lonefire Blossom|2|1|1|1|1|1|1|2|2|2|2|2|3|3|3|3|3|3|3|3|3|3|3|3|3|3|3|3|3|3|3|3|3|3|3|Lonefire Blossom|3|3|3|3|3
Lumina, Lightsworn Summoner|||||||||||||||||||||||3|3|3|1|1|Lumina, Lightsworn Summoner|1|1|2|2|3|3|3|3|3|3|3|3|3|3|3|3|3|3|3|3|3|3|3|3|3|3|3|3|3|3|3|3|3|3|3|Lumina, Lightsworn Summoner|3|3|3|3|3
Lunalight Tiger||||||||||||||||||||||||||||Lunalight Tiger|||||||||||||||||3|3|3|3|3|3|3|3|3|3|3|3|3|3|3|0|0|0|0|Lunalight Tiger|0|0|0|1|1
Luster Pendulum, the Dracoslayer||||||||||||||||||||||||||||Luster Pendulum, the Dracoslayer|||||||||||||||3|1|1|1|1|1|2|2|2|2|2|2|2|2|3|3|3|3|3|3|3|Luster Pendulum, the Dracoslayer|3|3|3|3|3
Lyrilusc - Recital Starling||||||||||||||||||||||||||||Lyrilusc - Recital Starling||||||||||||||||||||||3|3|3|3|3|3|3|3|3|3|3|3|3|3|Lyrilusc - Recital Starling|3|3|3|1|1
M-X-Saber Invoker||||||||||||||||||||||||||||M-X-Saber Invoker|||3|3|3|3|3|3|3|3|3|3|3|3|3|3|3|3|3|3|3|3|3|3|0|0|0|0|0|0|0|0|0|0|0|M-X-Saber Invoker|0|0|0|0|0
Macro Cosmos|||||||||||||||||3|3|3|3|3|3|3|3|3|3|3|Macro Cosmos|3|3|3|3|3|1|1|1|1|1|1|1|1|1|1|1|1|1|1|1|1|1|1|1|1|1|1|1|1|1|1|1|1|1|1|Macro Cosmos|1|1|1|1|1
Mage Power|||||1|1|1|1|1|1|1|1|1|1|1|1|1|1|1|1|2|2|3|3|3|3|3|Mage Power|3|3|3|3|3|3|3|3|3|3|3|3|3|3|3|3|3|3|3|3|3|3|3|3|3|3|3|3|3|3|3|3|3|3|3|Mage Power|3|3|3|3|3
Magic Cylinder|||||1|1|1|1|1|1|1|1|1|1|1|1|1|1|1|1|1|1|1|1|1|1|2|Magic Cylinder|2|2|2|3|3|3|3|3|3|3|3|3|3|3|3|3|3|3|3|3|3|3|3|3|3|3|3|3|3|3|3|3|3|3|3|Magic Cylinder|3|3|3|3|3
Magical Explosion|||||||||||||||3|3|3|3|3|3|3|3|3|3|3|1|1|Magical Explosion|1|1|1|1|1|1|1|1|1|1|1|1|1|1|1|1|1|1|1|1|1|1|1|1|1|1|1|1|1|1|1|1|1|1|1|Magical Explosion|1|1|1|1|1
Magical Mid-Breaker Field||||||||||||||||||||||||||||Magical Mid-Breaker Field||||||||||||||||||3|3|3|3|3|3|3|3|3|1|1|1|1|1|1|1|1|1|Magical Mid-Breaker Field|1|1|1|1|1
Magical Scientist||||||||||1|1|1|1|0|0|0|0|0|0|0|0|0|0|0|0|0|0|Magical Scientist|0|0|0|0|0|0|0|0|0|0|0|0|0|0|0|0|0|0|0|0|0|0|0|0|0|0|0|0|0|0|0|0|0|0|0|Magical Scientist|0|0|0|0|0
Magical Stone Excavation||||||||||||||||||3|1|1|2|2|2|2|2|2|2|Magical Stone Excavation|2|2|2|2|2|2|2|2|3|3|3|3|3|3|3|3|3|3|3|3|3|3|3|3|3|3|3|3|3|3|3|3|3|3|3|Magical Stone Excavation|3|3|3|3|3
Magician of Faith||3|3|3|3|3|3|3|3|3|3|3|3|3|1|2|1|0|0|1|0|0|0|0|0|0|0|Magician of Faith|0|0|0|0|0|0|0|1|1|2|3|3|3|3|3|3|3|3|3|3|3|3|3|3|3|3|3|3|3|3|3|3|3|3|3|Magician of Faith|3|3|3|3|3
Majespecter Unicorn - Kirin||||||||||||||||||||||||||||Majespecter Unicorn - Kirin|||||||||||||||3|3|3|1|0|0|0|0|0|0|0|0|0|0|0|0|0|0|0|0|0|Majespecter Unicorn - Kirin|0|0|0|0|0
Makyura the Destructor||||||||||||||0|0|0|0|0|0|0|0|0|0|0|0|0|0|Makyura the Destructor|0|0|0|0|0|0|0|0|0|0|0|0|0|0|0|0|0|0|0|0|0|0|0|0|0|0|0|0|0|0|0|0|0|3|3|Makyura the Destructor|3|3|3|3|3
Manticore of Darkness|||||||||||2|2|2|2|2|2|2|2|2|2|2|2|2|3|3|3|3|Manticore of Darkness|3|3|3|3|3|3|3|3|3|3|3|3|3|3|3|3|3|3|3|3|3|3|3|3|3|3|3|3|3|3|3|3|3|3|3|Manticore of Darkness|3|3|3|3|3
Marauding Captain|||||||2|2|2|2|2|2|2|2|3|3|3|3|3|3|3|3|3|3|3|3|3|Marauding Captain|3|3|3|3|3|3|3|3|3|3|3|3|3|3|3|3|3|3|3|3|3|3|3|3|3|3|3|3|3|3|3|3|3|3|3|Marauding Captain|3|3|3|3|3
Marshmallon||||||||||||||||||||1|1|1|1|1|1|1|1|Marshmallon|1|1|2|3|3|3|3|3|3|3|3|3|3|3|3|3|3|3|3|3|3|3|3|3|3|3|3|3|3|3|3|3|3|3|3|Marshmallon|3|3|3|3|3
Mask of Darkness|||3|3|3|3|3|3|3|3|3|3|3|3|3|1|1|2|2|2|2|2|2|2|2|3|3|Mask of Darkness|3|3|3|3|3|3|3|3|3|3|3|3|3|3|3|3|3|3|3|3|3|3|3|3|3|3|3|3|3|3|3|3|3|3|3|Mask of Darkness|3|3|3|3|3
Mass Driver||||||||||||||3|3|3|3|3|3|3|3|3|3|3|3|3|3|Mass Driver|0|0|0|0|0|0|0|0|0|0|0|0|0|0|0|0|0|0|0|0|0|0|0|0|0|0|0|0|0|0|0|0|0|0|0|Mass Driver|0|0|0|0|0
Master Peace, the True Dracoslaying King||||||||||||||||||||||||||||Master Peace, the True Dracoslaying King||||||||||||||||||||3|3|3|3|0|0|0|0|0|0|0|0|0|0|0|0|Master Peace, the True Dracoslaying King|0|0|0|0|0
Mathematician||||||||||||||||||||||||||||Mathematician||||||||||3|3|3|3|3|1|1|1|1|1|1|1|1|1|3|3|3|3|3|3|3|3|3|3|3|3|Mathematician|3|3|3|3|3
Maxx "C"||||||||||||||||||||||||||||Maxx "C"|3|3|3|3|3|3|3|3|3|3|3|3|3|3|3|3|3|2|1|1|1|1|0|0|0|0|0|0|0|0|0|0|0|0|0|Maxx "C"|0|0|0|0|0
Mecha Phantom Beast Auroradon||||||||||||||||||||||||||||Mecha Phantom Beast Auroradon||||||||||||||||||||||||||||||||3|3|3|3|Mecha Phantom Beast Auroradon|3|3|3|3|0
Mecha Phantom Beast O-Lion||||||||||||||||||||||||||||Mecha Phantom Beast O-Lion||||||||||3|3|3|3|3|3|3|3|3|3|3|3|3|3|3|3|3|3|3|3|3|3|3|3|0|0|Mecha Phantom Beast O-Lion|0|0|0|0|0
Megamorph|||||||||||3|3|3|3|3|3|3|3|3|1|1|1|1|1|1|1|1|Megamorph|2|3|3|3|3|3|3|3|3|3|3|3|3|3|3|3|3|3|3|3|3|3|3|3|3|3|3|3|3|3|3|3|3|3|3|Megamorph|3|3|3|3|3
Mermail Abyssgunde||||||||||||||||||||||||||||Mermail Abyssgunde|||3|3|3|3|3|3|1|1|1|3|3|3|3|3|3|3|3|3|3|3|3|3|3|3|3|3|3|3|3|3|3|3|3|Mermail Abyssgunde|3|3|3|3|3
Metamorphosis||||||||3|3|3|3|3|3|3|1|1|1|2|2|0|0|0|0|0|0|0|0|Metamorphosis|0|0|0|0|0|0|0|0|0|0|0|0|0|0|0|0|0|0|0|0|0|0|0|0|0|0|0|0|0|0|0|0|0|0|0|Metamorphosis|0|0|0|0|0
Metaverse||||||||||||||||||||||||||||Metaverse||||||||||||||||||||||3|3|3|3|3|3|3|1|1|1|1|1|1|1|Metaverse|1|1|1|1|1
Mezuki|||||||||||||||||||||||1|1|2|1|1|Mezuki|1|1|1|1|1|2|2|3|3|3|3|3|3|3|3|3|3|3|3|3|3|3|3|3|3|3|3|3|3|3|3|3|3|3|3|Mezuki|3|3|3|3|3
Mind Control||||||||||||||3|3|3|3|3|3|3|3|3|3|3|1|1|1|Mind Control|1|1|1|1|1|1|1|1|1|1|1|1|1|1|1|1|1|1|1|1|1|1|3|3|3|3|3|3|3|3|2|1|1|1|1|Mind Control|1|1|1|1|1
Mind Crush|||||||||||||3|3|3|3|3|1|1|1|1|1|1|2|2|1|1|Mind Crush|1|2|2|2|3|3|3|3|3|3|3|3|3|3|3|3|3|3|3|3|3|3|3|3|3|3|3|3|3|3|3|3|3|3|3|Mind Crush|3|3|3|3|3
Mind Master||||||||||||||||||||||||3|1|1|1|Mind Master|1|0|0|0|0|0|0|0|0|0|0|0|0|0|0|0|0|0|0|0|0|0|0|0|0|0|0|0|0|0|0|0|0|0|0|Mind Master|0|0|0|0|0
Mirage of Nightmare||||||||1|1|1|1|1|1|0|0|0|0|0|0|0|0|0|0|0|0|0|0|Mirage of Nightmare|0|0|0|0|0|0|0|0|0|0|0|0|0|0|0|0|0|0|0|0|0|0|0|0|0|0|0|0|0|0|0|0|0|0|0|Mirage of Nightmare|0|0|0|0|0
Mirror Force||1|1|1|1|1|1|1|1|1|1|0|0|1|0|1|1|1|1|1|1|1|1|1|1|1|1|Mirror Force|1|1|1|2|2|2|2|2|2|3|3|3|3|3|3|3|3|3|3|3|3|3|3|3|3|3|3|3|3|3|3|3|3|3|3|Mirror Force|3|3|3|3|3
Miscellaneousaurus||||||||||||||||||||||||||||Miscellaneousaurus|||||||||||||||||||3|3|1|1|1|1|1|1|1|3|3|3|3|3|3|3|3|Miscellaneousaurus|3|1|1|1|1
Monster Gate||||||||||||||||3|3|3|3|3|3|3|1|1|1|1|1|Monster Gate|1|1|1|1|1|1|1|1|1|1|1|1|1|1|1|1|1|1|1|1|1|1|1|1|1|1|1|1|3|3|3|3|3|3|3|Monster Gate|3|3|3|1|1
Monster Reborn|1|1|1|1|1|1|1|1|1|1|1|0|0|0|0|0|0|0|0|0|1|1|1|1|0|0|1|Monster Reborn|1|1|1|1|1|0|0|0|0|0|0|0|0|0|0|0|0|0|0|0|0|0|1|1|1|1|1|1|1|1|1|1|1|1|1|Monster Reborn|1|1|1|1|1
Morphing Jar|||3|1|1|1|1|1|1|2|1|1|1|1|1|1|1|1|1|1|1|1|1|1|1|1|1|Morphing Jar|1|1|1|1|1|1|1|1|0|0|0|0|0|0|0|0|0|0|0|0|0|0|0|0|1|1|1|1|1|1|1|1|1|1|1|Morphing Jar|1|1|1|1|1
Morphing Jar #2||||2|2|2|2|2|2|2|2|2|2|3|2|2|2|2|2|2|2|2|2|2|2|2|2|Morphing Jar 2|2|2|2|2|2|2|2|2|0|0|0|0|0|0|0|0|0|0|0|0|0|0|0|0|0|0|0|0|0|0|3|3|3|3|3|Morphing Jar 2|3|3|3|3|3
Mystical Space Typhoon|||3|3|3|3|3|3|3|3|3|3|1|1|1|1|1|1|1|1|1|1|1|1|1|1|2|Mystical Space Typhoon|2|3|3|3|3|3|3|3|3|3|3|3|3|3|3|3|3|3|3|3|3|3|3|3|3|3|3|3|3|3|3|3|3|3|3|Mystical Space Typhoon|3|3|3|3|3
Nadir Servant||||||||||||||||||||||||||||Nadir Servant||||||||||||||||||||||||||||||||||3|3|Nadir Servant|3|3|3|2|2
Necro Gardna||||||||||||||||||||3|3|3|3|3|3|1|1|Necro Gardna|1|2|2|3|3|3|3|3|3|3|3|3|3|3|3|3|3|3|3|3|3|3|3|3|3|3|3|3|3|3|3|3|3|3|3|Necro Gardna|3|3|3|3|3
Necroface|||||||||||||||||||||2|2|2|2|2|1|1|Necroface|1|1|1|1|1|1|1|1|2|2|2|2|2|2|2|2|2|2|2|2|2|2|2|2|2|2|2|2|2|2|2|3|3|3|3|Necroface|3|3|3|3|3
Nekroz of Brionac||||||||||||||||||||||||||||Nekroz of Brionac|||||||||||||2|2|1|1|1|1|1|1|1|1|1|1|1|1|3|3|3|3|3|3|3|3|3|Nekroz of Brionac|3|3|3|3|3
Nekroz of Unicore||||||||||||||||||||||||||||Nekroz of Unicore|||||||||||||3|3|1|1|1|1|1|1|1|1|1|1|1|1|1|1|1|1|1|1|3|3|3|Nekroz of Unicore|3|3|3|3|3
Neo-Spacian Grand Mole||||||||||||||||||1|1|1|1|1|1|1|1|1|1|Neo-Spacian Grand Mole|1|1|1|1|1|1|1|1|1|1|1|1|1|1|1|1|1|1|1|1|1|1|1|3|3|3|3|3|3|3|3|3|3|3|3|Neo-Spacian Grand Mole|3|3|3|3|3
Night Assailant||||||||||||3|3|2|1|1|1|1|1|1|1|1|1|1|1|1|1|Night Assailant|1|1|1|1|1|1|1|1|1|1|1|1|1|1|1|1|1|1|1|1|1|1|1|1|1|1|1|1|1|1|1|1|1|1|1|Night Assailant|1|1|1|1|3
Nobleman of Crossout||||2|2|2|2|2|2|2|2|2|2|2|1|2|1|1|1|2|1|1|2|3|3|3|3|Nobleman of Crossout|3|3|3|3|3|3|3|3|3|3|3|3|3|3|3|3|3|3|3|3|3|3|3|3|3|3|3|3|3|3|3|3|3|3|3|Nobleman of Crossout|3|3|3|3|3
Number 16: Shock Master||||||||||||||||||||||||||||Number 16: Shock Master||||3|3|0|0|0|0|0|0|0|0|0|0|0|0|0|0|0|0|0|0|0|0|0|0|0|0|0|0|0|0|0|0|Number 16: Shock Master|0|0|0|0|0
Number 42: Galaxy Tomahawk||||||||||||||||||||||||||||Number 42: Galaxy Tomahawk||||||||||3|3|3|3|3|3|3|3|3|3|3|3|3|3|3|3|3|0|0|0|0|0|0|0|0|0|Number 42: Galaxy Tomahawk|0|0|0|0|0
Number 86: Heroic Champion - Rhongomyniad||||||||||||||||||||||||||||Number 86: Heroic Champion - Rhongomyniad||||||||||||||3|3|3|3|3|3|3|3|3|3|3|3|3|0|0|0|0|0|0|0|0|0|Number 86: Heroic Champion - Rhongomyniad|0|0|0|0|0
Number 95: Galaxy-Eyes Dark Matter Dragon||||||||||||||||||||||||||||Number 95: Galaxy-Eyes Dark Matter Dragon|||||||||||||3|3|3|3|3|3|3|3|3|3|3|3|3|3|3|0|0|0|0|0|0|0|0|Number 95: Galaxy-Eyes Dark Matter Dragon|0|0|0|0|0
Number S0: Utopic ZEXAL||||||||||||||||||||||||||||Number S0: Utopic ZEXAL||||||||||||||||||3|3|3|3|3|3|3|3|3|3|3|3|3|3|3|3|3|3|Number S0: Utopic ZEXAL|0|0|0|0|0
Ojama Trio||||||||||||||3|3|3|3|3|3|3|1|1|1|1|1|1|2|Ojama Trio|2|2|2|2|2|2|2|2|2|2|2|2|2|2|2|2|2|2|2|2|2|2|3|3|3|3|3|3|3|3|3|3|3|3|3|Ojama Trio|3|3|3|3|3
One Day of Peace||||||||||||||||||||||||||||One Day of Peace|||3|3|1|1|1|1|1|1|1|1|1|1|1|1|1|1|1|1|1|1|1|1|1|1|1|1|1|1|1|1|1|1|1|One Day of Peace|1|1|1|1|1
One for One|||||||||||||||||||||||||1|1|1|One for One|1|1|1|1|1|1|1|1|1|1|1|1|1|1|1|1|1|1|1|1|1|1|1|1|1|1|1|1|1|1|1|1|1|1|1|One for One|1|1|1|1|1
Orcust Harp Horror||||||||||||||||||||||||||||Orcust Harp Horror||||||||||||||||||||||||||3|3|3|3|3|0|0|0|0|0|Orcust Harp Horror|0|0|0|0|0
Outer Entity Azathot||||||||||||||||||||||||||||Outer Entity Azathot|||||||||||||||||||||||||3|3|3|3|3|3|0|0|0|0|0|Outer Entity Azathot|0|0|0|0|0
Overload Fusion|||||||||||||||||3|1|1|1|1|1|1|1|1|1|1|Overload Fusion|2|3|3|3|3|3|3|3|3|3|3|3|3|3|3|3|3|3|3|3|3|3|3|3|3|3|3|3|3|3|3|3|3|3|3|Overload Fusion|3|3|3|3|3
Painful Choice|||1|1|1|1|1|1|1|1|1|1|1|0|0|0|0|0|0|0|0|0|0|0|0|0|0|Painful Choice|0|0|0|0|0|0|0|0|0|0|0|0|0|0|0|0|0|0|0|0|0|0|0|0|0|0|0|0|0|0|0|0|0|0|0|Painful Choice|0|0|0|0|0
Pantheism of the Monarchs||||||||||||||||||||||||||||Pantheism of the Monarchs||||||||||||||||3|3|1|1|1|1|1|1|1|1|1|1|1|1|1|1|1|1|3|3|Pantheism of the Monarchs|3|3|3|3|3
Pendulum Call||||||||||||||||||||||||||||Pendulum Call||||||||||||||||3|3|1|1|3|3|3|3|3|3|3|3|3|3|3|3|3|3|3|3|Pendulum Call|3|3|3|3|3
Performage Damage Juggler||||||||||||||||||||||||||||Performage Damage Juggler|||||||||||||||3|0|0|0|0|0|0|0|1|1|1|1|1|1|2|2|3|3|3|3|3|Performage Damage Juggler|3|3|3|3|3
Performage Plushfire||||||||||||||||||||||||||||Performage Plushfire|||||||||||||||3|0|0|0|0|0|0|0|0|0|0|0|0|0|0|0|0|0|0|0|0|Performage Plushfire|0|0|0|0|0
Performapal Monkeyboard||||||||||||||||||||||||||||Performapal Monkeyboard||||||||||||||||1|1|0|0|0|0|0|0|0|0|0|0|0|0|0|0|0|0|0|0|Performapal Monkeyboard|0|0|0|0|1
Performapal Skullcrobat Joker||||||||||||||||||||||||||||Performapal Skullcrobat Joker||||||||||||||||1|1|1|1|3|3|3|0|0|0|0|0|0|0|0|0|0|0|0|0|Performapal Skullcrobat Joker|0|1|2|3|3
Phantom of Chaos|||||||||||||||||||||3|3|2|3|3|3|3|Phantom of Chaos|3|3|3|3|3|3|3|3|3|3|3|3|3|3|3|3|3|3|3|3|3|3|3|3|3|3|3|3|3|3|3|3|3|3|3|Phantom of Chaos|3|3|3|3|3
Phantom Skyblaster|||||||||||||||||||||3|3|3|3|3|3|3|Phantom Skyblaster|3|3|3|3|3|3|3|3|3|3|3|3|3|3|3|3|3|3|3|3|3|3|3|3|3|3|3|1|1|1|1|1|1|1|1|Phantom Skyblaster|1|1|1|1|1
Phoenixian Cluster Amaryllis|||||||||||||||||||||||||3|3|3|Phoenixian Cluster Amaryllis|3|3|3|3|3|3|3|3|3|3|3|3|3|3|3|3|3|3|3|3|3|3|3|0|0|0|0|0|0|0|0|0|0|0|0|Phoenixian Cluster Amaryllis|0|0|0|0|0
Plaguespreader Zombie||||||||||||||||||||||||1|1|1|1|Plaguespreader Zombie|1|1|1|1|1|2|2|3|3|3|3|3|3|3|3|3|3|3|3|3|3|3|3|3|3|3|3|3|3|3|3|3|3|3|3|Plaguespreader Zombie|3|3|3|3|3
Pot of Avarice||||||||||||||||1|1|1|1|2|3|3|3|3|3|3|3|Pot of Avarice|3|1|1|1|1|0|0|0|0|0|0|0|0|0|0|0|0|0|0|0|0|0|0|0|0|0|0|0|0|0|1|3|3|3|3|Pot of Avarice|3|3|3|3|3
Pot of Desires||||||||||||||||||||||||||||Pot of Desires||||||||||||||||||3|3|3|3|3|3|3|3|3|3|3|3|3|3|3|3|3|3|Pot of Desires|3|3|3|1|2
Pot of Duality|||||||||||||||||||||||||||3|Pot of Duality|3|3|3|2|2|3|3|3|3|3|3|3|3|3|3|3|3|3|3|3|3|3|3|3|3|3|3|3|3|3|3|3|3|3|3|Pot of Duality|3|3|3|3|3
Pot of Greed|1|1|1|1|1|1|1|1|1|1|1|1|1|1|0|0|0|0|0|0|0|0|0|0|0|0|0|Pot of Greed|0|0|0|0|0|0|0|0|0|0|0|0|0|0|0|0|0|0|0|0|0|0|0|0|0|0|0|0|0|0|0|0|0|0|0|Pot of Greed|0|0|0|0|0
Prank-Kids Meow-Meow-Mu||||||||||||||||||||||||||||Prank-Kids Meow-Meow-Mu|||||||||||||||||||||||||||||||||||3|Prank-Kids Meow-Meow-Mu|3|3|1|1|0
Predaplant Verte Anaconda||||||||||||||||||||||||||||Predaplant Verte Anaconda||||||||||||||||||||||||||||||||3|3|3|3|Predaplant Verte Anaconda|3|3|3|3|0
Premature Burial||||1|1|1|1|1|1|1|1|1|1|1|1|1|1|1|1|1|1|1|0|0|0|0|0|Premature Burial|0|0|0|0|0|0|0|0|0|0|0|0|0|0|0|0|0|0|0|0|0|0|0|0|0|0|0|0|0|0|0|0|0|0|0|Premature Burial|0|0|0|0|0
Preparation of Rites||||||||||||||||||||||||||3|3|Preparation of Rites|3|3|3|3|3|3|3|3|3|3|3|3|1|1|1|1|1|1|1|1|2|2|3|3|3|3|3|3|3|3|3|3|3|3|3|Preparation of Rites|3|3|3|3|3
Primal Seed||||||||||||||||3|3|3|3|3|3|3|3|3|3|3|3|Primal Seed|3|1|1|1|1|1|1|1|3|3|3|3|3|3|3|3|3|3|3|3|3|3|3|3|3|3|3|3|3|3|3|3|3|3|3|Primal Seed|3|3|3|3|3
Protector of the Sanctuary|||||||||||3|3|1|1|1|1|1|1|1|3|3|3|3|3|3|3|3|Protector of the Sanctuary|3|3|3|3|3|3|3|3|3|3|3|3|3|3|3|3|3|3|3|3|3|3|3|3|3|3|3|3|3|3|3|3|3|3|3|Protector of the Sanctuary|3|3|3|3|3
PSY-Framelord Omega||||||||||||||||||||||||||||PSY-Framelord Omega|||||||||||||||3|3|3|3|3|3|3|3|3|3|1|1|1|1|1|1|1|1|1|1|1|PSY-Framelord Omega|1|1|1|1|1
Qliphort Scout||||||||||||||||||||||||||||Qliphort Scout||||||||||||3|2|2|1|1|1|1|1|1|1|1|1|1|1|1|1|1|3|3|3|3|3|3|3|Qliphort Scout|3|3|3|3|3
Raigeki|1|1|1|1|1|1|1|1|1|1|1|0|0|0|0|0|0|0|0|0|0|0|0|0|0|0|0|Raigeki|0|0|0|0|0|0|0|0|0|0|1|1|1|1|1|1|1|1|1|1|1|1|1|1|1|1|1|1|1|1|1|1|1|1|1|Raigeki|1|1|1|3|3
Raiza the Storm Monarch|||||||||||||||||||3|3|1|1|1|2|3|3|3|Raiza the Storm Monarch|3|3|3|3|3|3|3|3|3|3|3|3|3|3|3|3|3|3|3|3|3|3|3|3|3|3|3|3|3|3|3|3|3|3|3|Raiza the Storm Monarch|3|3|3|3|3
Rank-Up-Magic Argent Chaos Force||||||||||||||||||||||||||||Rank-Up-Magic Argent Chaos Force|||||||||3|3|3|3|3|3|3|3|3|3|3|3|3|3|3|0|0|0|0|0|0|0|0|0|0|0|0|Rank-Up-Magic Argent Chaos Force|3|3|3|3|3
Reactan, Dragon Ruler of Pebbles||||||||||||||||||||||||||||Reactan, Dragon Ruler of Pebbles||||||0|0|0|0|0|0|0|3|3|3|3|3|3|3|3|3|3|3|3|3|3|3|3|3|3|3|3|3|3|3|Reactan, Dragon Ruler of Pebbles|3|3|3|3|3
Reasoning||||||||||||||||||||||3|1|1|1|1|1|Reasoning|1|1|1|2|2|2|2|2|2|2|2|3|3|3|3|3|1|1|1|1|1|1|1|1|1|1|1|1|1|1|1|1|1|1|1|Reasoning|1|1|1|1|1
Reborn Tengu||||||||||||||||||||||||||||Reborn Tengu||3|2|2|2|2|2|2|2|2|2|3|3|3|3|3|3|3|3|3|3|3|3|3|3|3|3|3|3|3|3|3|3|3|3|Reborn Tengu|3|3|3|3|3
Reckless Greed||||||||1|1|1|1|1|1|1|1|1|2|2|2|2|3|3|3|3|3|3|3|Reckless Greed|3|3|3|3|3|3|3|3|3|3|3|3|3|3|3|3|3|3|3|3|3|3|3|3|3|3|3|3|3|3|3|3|3|3|3|Reckless Greed|3|3|3|3|3
Red Gadget||||||||||||||||||3|3|2|3|3|3|3|3|3|3|Red Gadget|3|3|3|3|3|3|3|3|3|3|3|3|3|3|3|3|3|3|3|3|3|3|3|3|3|3|3|3|3|3|3|3|3|3|3|Red Gadget|3|3|3|3|3
Red Reboot||||||||||||||||||||||||||||Red Reboot|||||||||||||||||||||||||3|3|3|3|3|3|1|1|1|1|1|Red Reboot|1|1|1|1|1
Red Rose Dragon||||||||||||||||||||||||||||Red Rose Dragon|||||||||||||||||||||||||||3|3|3|3|3|3|3|3|3|Red Rose Dragon|3|3|3|3|1
Red-Eyes Darkness Metal Dragon||||||||||||||||||||||||3|3|3|3|Red-Eyes Darkness Metal Dragon|3|3|3|1|1|1|1|1|1|1|1|1|1|1|1|1|1|1|1|1|1|1|1|1|1|1|1|1|1|1|1|1|1|1|1|Red-Eyes Darkness Metal Dragon|1|1|1|3|3
Redox, Dragon Ruler of Boulders||||||||||||||||||||||||||||Redox, Dragon Ruler of Boulders||||||3|3|1|1|1|1|1|0|0|0|0|0|0|0|0|0|0|0|0|0|0|0|0|0|0|0|0|0|0|0|Redox, Dragon Ruler of Boulders|0|0|0|0|0
Reflect Bounder||||||||||1|1|1|1|1|1|2|3|3|3|3|3|3|3|3|3|3|3|Reflect Bounder|3|3|3|3|3|3|3|3|3|3|3|3|3|3|3|3|3|3|3|3|3|3|3|3|3|3|3|3|3|3|3|3|3|3|3|Reflect Bounder|3|3|3|3|3
Reinforcement of the Army|||||||2|2|2|2|2|2|2|2|2|2|2|2|2|2|2|2|3|1|1|1|1|Reinforcement of the Army|1|1|1|1|1|1|1|1|1|2|3|3|3|3|1|1|1|1|1|1|1|1|1|1|1|1|1|1|1|1|1|1|1|1|1|Reinforcement of the Army|1|1|1|1|1
Rekindling|||||||||||||||||||||||||3|3|3|Rekindling|3|3|3|3|3|3|3|3|1|1|1|1|1|1|1|1|1|1|1|1|1|1|1|1|1|1|1|1|3|3|3|3|3|3|3|Rekindling|3|3|3|3|3
Rescue Cat||||||||||||||3|3|3|3|3|3|3|3|3|2|2|1|1|0|Rescue Cat|0|0|0|0|0|0|0|0|0|0|0|0|0|0|0|0|0|0|1|1|3|3|3|3|3|3|3|3|3|3|3|3|3|3|3|Rescue Cat|3|3|3|3|3
Rescue Rabbit||||||||||||||||||||||||||||Rescue Rabbit|||3|2|2|1|1|1|1|1|1|1|1|1|1|1|1|1|1|1|3|3|3|3|3|3|3|3|3|3|3|3|3|3|3|Rescue Rabbit|3|3|3|3|3
Return from the Different Dimension||||||||||||3|3|3|3|3|3|3|3|3|3|1|1|1|1|1|1|Return from the Different Dimension|1|1|1|1|1|1|1|0|0|0|0|0|0|0|0|0|0|0|0|0|0|0|0|0|0|0|0|0|0|0|0|0|0|0|0|Return from the Different Dimension|0|0|0|0|0
Right Arm of the Forbidden One|1|1|1|1|1|1|1|1|1|1|1|1|1|1|1|1|1|1|1|1|1|1|1|1|1|1|1|Right Arm of the Forbidden One|1|1|1|1|1|1|1|1|1|1|1|1|1|1|1|1|1|1|1|1|1|1|1|1|1|1|1|1|1|1|1|1|1|1|1|Right Arm of the Forbidden One|1|1|1|1|1
Right Leg of the Forbidden One|1|1|1|1|1|1|1|1|1|1|1|1|1|1|1|1|1|1|1|1|1|1|1|1|1|1|1|Right Leg of the Forbidden One|1|1|1|1|1|1|1|1|1|1|1|1|1|1|1|1|1|1|1|1|1|1|1|1|1|1|1|1|1|1|1|1|1|1|1|Right Leg of the Forbidden One|1|1|1|1|1
Ring of Destruction||||||||1|1|1|1|1|1|1|0|0|1|1|1|0|0|0|0|0|0|0|0|Ring of Destruction|0|0|0|0|0|0|0|0|0|0|0|0|1|1|1|1|1|1|1|1|1|1|1|2|3|3|3|3|3|3|3|3|3|3|3|Ring of Destruction|3|3|3|3|3
Ritual Beast Ulti-Cannahawk||||||||||||||||||||||||||||Ritual Beast Ulti-Cannahawk|||||||||||||3|3|1|1|1|1|1|1|1|1|1|1|1|1|1|1|1|1|1|1|3|3|3|Ritual Beast Ulti-Cannahawk|3|3|3|3|3
Royal Decree|||||||||||||||3|3|3|3|3|2|2|2|3|3|3|2|3|Royal Decree|3|3|3|3|3|3|3|3|3|3|3|3|3|3|3|3|3|3|3|3|3|3|3|3|3|3|3|3|3|3|3|3|3|3|3|Royal Decree|3|3|3|3|3
Royal Oppression|||||||||||||||3|3|3|3|3|3|3|3|3|3|3|2|1|Royal Oppression|1|0|0|0|0|0|0|0|0|0|0|0|0|0|0|0|0|0|0|0|0|0|0|0|0|0|0|0|0|0|0|0|0|0|0|Royal Oppression|0|0|0|0|0
Royal Tribute||||||||||||||3|3|3|3|3|3|3|3|3|3|3|3|3|3|Royal Tribute|2|2|2|2|2|1|1|1|1|1|1|1|1|1|1|1|1|1|1|1|1|1|1|1|1|1|1|1|2|3|3|3|3|3|3|Royal Tribute|3|3|3|3|3
Sacred Phoenix of Nephthys||||||||||||||1|1|1|1|3|3|3|3|3|3|3|3|3|3|Sacred Phoenix of Nephthys|3|3|3|3|3|3|3|3|3|3|3|3|3|3|3|3|3|3|3|3|3|3|3|3|3|3|3|3|3|3|3|3|3|3|3|Sacred Phoenix of Nephthys|3|3|3|3|3
Sacred Sword of Seven Stars||||||||||||||||||||||||||||Sacred Sword of Seven Stars||||||3|3|1|1|1|1|1|2|3|3|3|3|3|3|3|3|3|3|3|3|3|3|3|3|3|3|3|3|3|3|Sacred Sword of Seven Stars|3|3|3|3|3
Salamangreat Circle||||||||||||||||||||||||||||Salamangreat Circle||||||||||||||||||||||||||||3|1|1|1|1|1|1|1|Salamangreat Circle|1|1|1|2|3
Salamangreat Gazelle||||||||||||||||||||||||||||Salamangreat Gazelle||||||||||||||||||||||||||||3|1|1|1|1|1|1|1|Salamangreat Gazelle|1|1|1|1|1
Salamangreat Miragestallio||||||||||||||||||||||||||||Salamangreat Miragestallio||||||||||||||||||||||||||||3|3|3|0|0|0|0|0|Salamangreat Miragestallio|0|1|1|1|3
Samsara Lotus||||||||||||||||||3|3|3|3|3|3|3|3|3|3|Samsara Lotus|3|3|3|3|3|3|3|3|3|3|3|3|3|3|3|3|3|3|3|3|3|3|3|3|0|0|0|0|0|0|0|0|0|0|0|Samsara Lotus|0|0|0|0|0
Sangan||2|2|2|1|1|1|1|1|1|1|0|0|1|1|1|1|1|1|1|1|1|1|1|1|1|1|Sangan|1|1|1|1|0|0|0|0|0|0|0|0|0|0|0|0|0|0|3|3|3|3|3|3|3|3|3|3|3|3|3|3|3|3|3|Sangan|3|3|3|3|3
Saqlifice||||||||||||||||||||||||||||Saqlifice||||||||||||3|1|1|1|1|1|1|1|1|1|1|3|3|3|3|3|3|3|3|3|3|3|3|3|Saqlifice|3|3|3|3|3
Scapegoat|||||3|3|3|3|3|3|3|3|3|3|1|1|1|1|1|1|1|1|1|1|1|1|1|Scapegoat|1|1|1|1|1|3|3|3|3|3|3|3|3|3|3|3|3|3|3|3|3|3|3|3|2|2|1|1|1|1|1|1|1|1|1|Scapegoat|1|1|1|2|3
Sekka's Light||||||||||||||||||||||||||||Sekka's Light||||||||||||||3|3|3|3|3|3|3|3|3|3|3|3|3|3|3|3|3|1|1|1|1|1|Sekka's Light|1|1|1|1|1
Self-Destruct Button||||||||||||||||||||3|3|3|3|3|3|3|3|Self-Destruct Button|3|3|3|3|3|3|3|0|0|0|0|0|0|0|0|0|0|0|0|0|0|0|0|0|0|0|0|0|0|0|0|0|0|0|0|Self-Destruct Button|0|0|0|0|0
Servant of Endymion||||||||||||||||||||||||||||Servant of Endymion||||||||||||||||||||||||||||3|3|3|1|1|1|1|1|Servant of Endymion|1|1|1|1|1
Set Rotation||||||||||||||||||||||||||||Set Rotation||||||||||||||||||||3|3|1|1|1|1|1|1|1|1|1|1|1|1|1|1|Set Rotation|1|1|1|1|1
Shien's Smoke Signal||||||||||||||||||||||||||||Shien's Smoke Signal|3|1|2|2|3|3|3|3|3|3|3|3|3|3|3|3|3|3|3|3|3|3|3|3|3|3|3|3|3|3|3|3|3|3|3|Shien's Smoke Signal|3|3|3|3|3
Shooting Riser Dragon||||||||||||||||||||||||||||Shooting Riser Dragon|||||||||||||||||||||||||||||3|3|3|3|3|3|3|Shooting Riser Dragon|3|3|3|3|1
Shurit, Strategist of the Nekroz||||||||||||||||||||||||||||Shurit, Strategist of the Nekroz|||||||||||||3|1|0|0|0|0|0|0|0|0|0|0|0|0|1|1|2|3|3|3|3|3|3|Shurit, Strategist of the Nekroz|3|3|3|3|3
Simorgh, Bird of Sovereignty||||||||||||||||||||||||||||Simorgh, Bird of Sovereignty||||||||||||||||||||||||||||||||3|3|3|3|Simorgh, Bird of Sovereignty|3|3|3|0|0
Sinister Serpent|||||3|1|1|1|1|1|1|1|1|1|0|0|0|0|0|0|0|0|0|0|0|0|0|Sinister Serpent|0|0|0|0|0|0|0|0|0|0|0|0|1|3|3|3|3|3|3|3|3|3|3|3|3|3|3|3|3|3|3|3|3|3|3|Sinister Serpent|3|3|3|3|3
Sixth Sense||||||||||||||||||||||||||||Sixth Sense|||||||1|0|0|0|0|0|0|0|0|0|0|0|0|0|0|0|0|0|0|0|0|0|0|0|0|0|0|0|0|Sixth Sense|0|0|0|0|0
Skill Drain||||||||||||||3|3|3|3|3|3|3|3|3|3|3|3|2|2|Skill Drain|3|3|3|3|3|3|3|3|3|3|3|3|1|1|1|1|1|1|1|1|1|1|1|1|1|1|1|1|1|1|1|1|1|1|1|Skill Drain|1|1|1|3|3
Sky Striker Ace - Kagari||||||||||||||||||||||||||||Sky Striker Ace - Kagari|||||||||||||||||||||||||3|3|3|1|1|1|3|3|3|3|3|Sky Striker Ace - Kagari|3|3|3|3|3
Sky Striker Mecha - Hornet Drones||||||||||||||||||||||||||||Sky Striker Mecha - Hornet Drones|||||||||||||||||||||||||1|1|1|1|1|1|1|1|1|1|1|Sky Striker Mecha - Hornet Drones|1|1|1|1|1
Sky Striker Mecha - Widow Anchor||||||||||||||||||||||||||||Sky Striker Mecha - Widow Anchor|||||||||||||||||||||||||3|3|3|3|3|1|1|2|2|3|3|Sky Striker Mecha - Widow Anchor|3|3|3|3|3
Sky Striker Mecha Modules - Multirole||||||||||||||||||||||||||||Sky Striker Mecha Modules - Multirole|||||||||||||||||||||||||3|3|3|3|1|1|1|1|1|1|1|Sky Striker Mecha Modules - Multirole|1|1|1|1|1
Sky Striker Mobilize - Engage!||||||||||||||||||||||||||||Sky Striker Mobilize - Engage!|||||||||||||||||||||||||3|3|3|3|3|3|0|0|0|0|0|Sky Striker Mobilize - Engage!|0|1|1|1|1
Slash Draw||||||||||||||||||||||||||||Slash Draw|||||||||||||||||||||3|3|3|3|3|3|1|1|1|1|1|1|1|1|1|Slash Draw|1|1|1|1|1
Smashing Ground||||||||||||||||||||1|1|1|1|1|1|3|3|Smashing Ground|3|3|3|3|3|3|3|3|3|3|3|3|3|3|3|3|3|3|3|3|3|3|3|3|3|3|3|3|3|3|3|3|3|3|3|Smashing Ground|3|3|3|3|3
Smoke Grenade of the Thief||||||||||||||3|3|3|3|3|3|3|3|3|3|3|3|3|3|Smoke Grenade of the Thief|3|3|3|3|3|3|3|3|3|3|3|3|3|3|3|3|3|3|3|3|3|3|3|3|3|3|3|3|3|3|3|3|3|3|0|Smoke Grenade of the Thief|0|0|0|0|0
Snatch Steal|||1|1|1|1|1|1|1|1|1|1|1|1|1|1|0|1|1|0|0|0|0|0|0|0|0|Snatch Steal|0|0|0|0|0|0|0|0|0|0|0|1|0|0|0|0|0|0|0|0|0|0|0|0|0|0|0|0|0|0|0|0|0|0|0|Snatch Steal|0|0|0|0|0
Snipe Hunter||||||||||||||||||3|3|1|1|1|1|1|1|1|2|Snipe Hunter|3|3|3|3|3|3|3|3|3|3|3|3|3|3|3|3|3|3|3|3|3|3|3|3|3|3|3|3|3|3|3|3|3|3|3|Snipe Hunter|3|3|3|3|3
Solemn Judgment||||||||||||||3|3|3|3|3|3|3|3|3|3|3|1|1|1|Solemn Judgment|1|1|1|1|1|0|0|0|0|0|0|0|0|0|0|0|0|0|0|0|0|0|1|1|1|1|1|1|3|3|3|3|3|3|3|Solemn Judgment|3|3|3|3|3
Solemn Warning|||||||||||||||||||||||||||3|Solemn Warning|2|2|2|2|1|1|1|1|1|1|1|1|1|1|1|1|1|1|1|1|1|1|1|1|1|1|1|1|1|1|3|3|3|3|3|Solemn Warning|3|3|3|3|3
Soul Charge||||||||||||||||||||||||||||Soul Charge|||||||||3|3|1|1|1|1|1|1|1|1|1|1|1|1|1|1|1|1|0|0|0|0|0|0|0|0|0|Soul Charge|0|0|0|0|0
Soul Drain||||||||||||||||||||||||||||Soul Drain||||3|3|1|1|1|1|1|1|1|1|1|1|1|1|1|1|1|1|1|1|1|1|1|1|1|1|1|3|3|3|3|3|Soul Drain|3|3|3|3|3
Speedroid Terrortop||||||||||||||||||||||||||||Speedroid Terrortop|||||||||||||||3|3|3|3|3|1|1|1|1|1|1|1|1|1|1|1|1|1|1|1|1|Speedroid Terrortop|1|1|1|1|1
Spellbook of Fate||||||||||||||||||||||||||||Spellbook of Fate|||||3|3|3|1|1|1|1|1|1|1|3|3|3|3|3|3|3|3|3|3|3|3|3|3|3|3|3|3|3|3|3|Spellbook of Fate|3|3|3|3|3
Spellbook of Judgment||||||||||||||||||||||||||||Spellbook of Judgment||||||0|0|0|0|0|0|0|0|0|0|0|0|0|0|0|0|0|0|0|0|0|0|0|0|0|0|0|0|0|0|Spellbook of Judgment|0|0|0|0|0
Spirit Reaper||||||||3|3|3|3|3|3|3|3|3|1|1|1|1|1|1|1|1|1|1|1|Spirit Reaper|2|3|3|3|3|3|3|3|3|3|3|3|3|3|3|3|3|3|3|3|3|3|3|3|3|3|3|3|3|3|3|3|3|3|3|Spirit Reaper|3|3|3|3|3
Spore|||||||||||||||||||||||||||3|Spore|3|3|0|1|3|3|3|3|3|3|3|3|3|3|3|3|3|3|3|3|3|3|3|3|3|3|3|3|3|3|3|3|3|3|3|Spore|3|3|3|3|3
SPYRAL GEAR - Drone||||||||||||||||||||||||||||SPYRAL GEAR - Drone||||||||||||||||||3|3|3|3|1|1|1|1|1|1|1|1|1|1|3|3|3|3|SPYRAL GEAR - Drone|3|3|3|3|3
SPYRAL Master Plan||||||||||||||||||||||||||||SPYRAL Master Plan|||||||||||||||||||3|3|3|3|3|3|3|3|3|3|3|3|3|0|0|0|0|SPYRAL Master Plan|0|0|0|0|0
SPYRAL Quik-Fix||||||||||||||||||||||||||||SPYRAL Quik-Fix||||||||||||||||||3|3|3|3|1|1|1|1|1|1|1|1|1|1|1|1|1|1|SPYRAL Quik-Fix|1|1|1|1|1
SPYRAL Resort||||||||||||||||||||||||||||SPYRAL Resort|||||||||||||||||||3|3|3|3|1|1|1|1|1|1|1|1|1|1|1|1|1|SPYRAL Resort|1|1|1|1|1
Stream, Dragon Ruler of Droplets||||||||||||||||||||||||||||Stream, Dragon Ruler of Droplets||||||0|0|0|0|0|0|0|3|3|3|3|3|3|3|3|3|3|3|3|3|3|3|3|3|3|3|3|3|3|3|Stream, Dragon Ruler of Droplets|3|3|3|3|3
Striker Dragon||||||||||||||||||||||||||||Striker Dragon|||||||||||||||||||||||||||||||3|3|3|3|3|Striker Dragon|3|1|1|1|1
Substitoad|||||||||||||||||||||||3|3|3|3|0|Substitoad|0|0|0|0|0|0|0|0|0|0|0|0|0|0|0|0|0|0|0|0|0|0|0|0|0|0|0|0|0|0|0|0|0|0|0|Substitoad|0|0|0|0|0
Summon Sorceress||||||||||||||||||||||||||||Summon Sorceress|||||||||||||||||||||||||3|3|3|0|0|0|0|0|0|0|0|Summon Sorceress|0|0|0|0|0
Summoner Monk||||||||||||||||||||||||2|1|1|1|Summoner Monk|1|2|2|2|2|2|2|2|2|2|2|2|2|2|2|2|2|2|2|2|3|3|3|3|3|3|3|3|3|3|3|3|3|3|3|Summoner Monk|3|3|3|3|3
Super Polymerization|||||||||||||||||||||3|3|3|3|3|3|3|Super Polymerization|3|3|3|3|3|3|3|3|3|3|1|0|0|0|0|0|0|0|0|0|0|0|0|0|1|1|1|2|3|3|3|3|3|3|3|Super Polymerization|3|3|3|3|3
Super Rejuvenation||||||||||||||3|3|3|3|3|3|3|3|3|3|3|3|3|3|Super Rejuvenation|3|3|3|3|3|0|0|0|0|0|0|0|0|0|0|0|0|0|0|0|0|0|0|0|0|0|0|0|0|3|3|3|3|3|3|Super Rejuvenation|3|3|3|3|3
Supreme King Dragon Starving Venom||||||||||||||||||||||||||||Supreme King Dragon Starving Venom|||||||||||||||||||||3|3|3|0|0|0|0|0|0|0|0|0|0|0|0|Supreme King Dragon Starving Venom|0|0|0|0|0
Swords of Revealing Light|2|2|2|1|1|1|1|1|1|1|1|1|1|1|1|1|1|1|1|1|1|1|1|1|1|1|1|Swords of Revealing Light|1|2|2|3|3|3|3|3|3|3|3|3|3|3|3|3|3|3|3|3|3|3|3|3|3|3|3|3|3|3|3|3|3|3|3|Swords of Revealing Light|3|3|3|3|3
Symbol of Heritage||||||||||||||||3|3|3|3|3|3|3|3|3|3|3|3|Symbol of Heritage|3|3|3|3|3|3|3|3|3|3|3|3|1|1|1|1|1|1|1|1|1|1|1|1|1|1|1|1|1|1|1|1|1|1|1|Symbol of Heritage|1|3|3|3|3
T.G. Hyper Librarian||||||||||||||||||||||||||||T.G. Hyper Librarian||1|1|1|1|1|1|1|1|1|1|1|1|1|1|1|1|1|1|1|2|2|2|2|2|2|3|3|3|3|3|1|1|1|1|T.G. Hyper Librarian|1|1|1|1|1
T.G. Striker||||||||||||||||||||||||||||T.G. Striker||3|1|1|1|2|2|3|3|3|3|3|3|3|3|3|3|3|3|3|3|3|3|3|3|3|3|3|3|3|3|3|3|3|3|T.G. Striker|3|3|3|3|3
Tellarknight Ptolemaeus||||||||||||||||||||||||||||Tellarknight Ptolemaeus||||||||||||||3|3|0|0|0|0|0|0|0|0|0|0|0|0|0|0|0|0|0|0|0|0|Tellarknight Ptolemaeus|0|0|0|0|0
Tempest Magician||||||||||||||||||||||||3|3|3|3|Tempest Magician|3|3|3|3|3|3|3|3|3|3|3|3|3|3|3|3|3|3|3|3|3|3|3|3|3|3|3|3|3|3|0|0|0|0|0|Tempest Magician|0|0|0|0|0
Tempest, Dragon Ruler of Storms||||||||||||||||||||||||||||Tempest, Dragon Ruler of Storms||||||3|3|1|1|1|1|1|0|0|0|0|0|0|0|0|0|0|0|0|0|0|0|0|1|1|1|1|1|1|1|Tempest, Dragon Ruler of Storms|1|1|1|1|1
Temple of the Kings|||||||||||||||||||||||||||0|Temple of the Kings|0|0|0|0|0|0|0|0|0|0|0|0|1|3|3|3|3|3|3|3|3|3|3|3|3|3|3|3|3|3|3|3|3|3|3|Temple of the Kings|3|3|3|3|3
Terraforming||||||||||||||3|3|3|3|3|3|3|3|3|3|3|3|3|3|Terraforming|3|3|3|3|3|3|3|3|3|3|3|3|3|3|3|3|3|3|3|3|3|3|3|3|2|2|2|2|1|1|1|1|1|1|1|Terraforming|1|1|1|1|1
That Grass Looks Greener||||||||||||||||||||||||||||That Grass Looks Greener|||||||||||||||||||3|1|1|1|1|0|0|0|0|0|0|0|0|0|0|0|0|That Grass Looks Greener|0|0|0|0|0
The Agent of Mystery - Earth||||||||||||||||||||||||||||The Agent of Mystery - Earth||3|1|2|2|3|3|3|3|3|3|3|3|3|3|3|3|3|3|3|3|3|3|3|3|3|3|3|3|3|3|3|3|3|3|The Agent of Mystery - Earth|3|3|3|3|3
The Forceful Sentry|||1|1|1|1|1|1|1|1|1|1|1|0|0|0|0|0|0|0|0|0|0|0|0|0|0|The Forceful Sentry|0|0|0|0|0|0|0|0|0|0|0|0|0|0|0|0|0|0|0|0|0|0|0|0|0|0|0|0|0|0|0|0|0|0|0|The Forceful Sentry|0|0|0|0|0
The Monarchs Stormforth||||||||||||||||||||||||||||The Monarchs Stormforth|||||||||||3|3|3|3|3|3|3|1|1|1|1|1|1|1|1|1|3|3|3|3|3|3|3|3|3|The Monarchs Stormforth|3|3|3|3|3
The Phantom Knights of Rusty Bardiche||||||||||||||||||||||||||||The Phantom Knights of Rusty Bardiche||||||||||||||||||||||||||3|3|3|0|0|0|0|0|1|1|The Phantom Knights of Rusty Bardiche|3|3|3|3|3
The Phantom Knights' Rank-Up-Magic Launch||||||||||||||||||||||||||||The Phantom Knights' Rank-Up-Magic Launch|||||||||||||||||||3|3|3|3|3|3|3|3|3|0|0|0|3|3|3|3|3|The Phantom Knights' Rank-Up-Magic Launch|3|3|3|3|3
The Transmigration Prophecy||||||||||||||||||3|3|1|1|1|1|1|1|1|1|The Transmigration Prophecy|1|1|1|1|1|1|1|1|1|1|2|3|3|3|3|3|3|3|3|3|3|3|3|3|3|3|3|3|3|3|3|3|3|3|3|The Transmigration Prophecy|3|3|3|3|3
The Tyrant Neptune|||||||||||||||||||||||||||3|The Tyrant Neptune|||3|3|3|3|3|3|3|3|3|3|3|3|3|3|3|3|0|0|0|0|0|0|0|0|0|0|0|0|0|0|0|0|0|The Tyrant Neptune|0|0|0|0|0
Thousand-Eyes Restrict||||3|3|3|3|3|3|3|3|3|3|3|1|1|0|0|0|0|0|0|0|0|0|0|0|Thousand-Eyes Restrict|0|0|0|0|0|0|0|0|0|0|0|0|0|0|0|0|1|3|3|3|3|3|3|3|3|3|3|3|3|3|3|3|3|3|3|Thousand-Eyes Restrict|3|3|3|3|3
Thunder Dragon Colossus||||||||||||||||||||||||||||Thunder Dragon Colossus||||||||||||||||||||||||||3|3|3|3|3|0|0|0|0|0|Thunder Dragon Colossus|0|0|0|0|0
Thunder King Rai-Oh|||||||||||||||||||||||||||3|Thunder King Rai-Oh|3|3|3|3|2|1|1|1|1|1|1|1|1|1|1|1|1|2|2|2|2|2|3|3|3|3|3|3|3|3|3|3|3|3|3|Thunder King Rai-Oh|3|3|3|3|3
Tidal, Dragon Ruler of Waterfalls||||||||||||||||||||||||||||Tidal, Dragon Ruler of Waterfalls||||||3|3|1|1|1|1|1|0|0|0|0|0|0|0|0|0|0|0|0|0|0|0|0|0|0|0|0|0|0|0|Tidal, Dragon Ruler of Waterfalls|0|0|0|0|0
Time Seal|||||||||||3|3|3|3|3|0|0|0|0|0|0|0|0|0|0|0|0|Time Seal|0|0|0|0|0|0|0|0|0|0|0|0|0|0|0|0|0|0|0|0|0|0|0|0|0|0|0|0|0|0|0|0|0|0|0|Time Seal|0|0|0|0|1
Toadally Awesome||||||||||||||||||||||||||||Toadally Awesome|||||||||||||||||||3|3|3|3|3|3|3|3|3|3|3|3|3|1|1|2|3|Toadally Awesome|3|3|3|3|3
Topologic Gumblar Dragon||||||||||||||||||||||||||||Topologic Gumblar Dragon|||||||||||||||||||||||||3|3|0|0|0|0|0|0|0|0|0|Topologic Gumblar Dragon|0|0|0|0|0
Torrential Tribute||||||3|3|3|3|3|3|3|1|1|1|1|1|1|1|1|1|1|1|1|1|1|1|Torrential Tribute|1|1|2|2|2|1|1|1|1|1|1|1|1|1|1|1|1|1|1|1|1|1|3|3|3|3|3|3|3|3|3|3|3|3|3|Torrential Tribute|3|3|3|3|3
Tour Guide From the Underworld||||||||||||||||||||||||||||Tour Guide From the Underworld||3|3|2|2|2|2|3|3|3|3|3|1|1|1|1|1|1|1|1|1|1|1|1|1|1|1|1|1|1|2|2|2|3|3|Tour Guide From the Underworld|3|3|3|3|3
Tragoedia|||||||||||||||||||||||||3|1|1|Tragoedia|1|2|2|2|2|2|2|2|2|2|2|2|2|2|2|2|3|3|3|3|3|3|3|3|3|3|3|3|3|3|3|3|3|3|3|Tragoedia|3|3|3|3|3
Trap Dustshoot|||||||||||||||3|3|3|3|3|1|1|1|1|1|1|1|1|Trap Dustshoot|1|1|0|0|0|0|0|0|0|0|0|0|0|0|0|0|0|0|0|0|0|0|0|0|0|0|0|0|0|0|0|0|0|0|0|Trap Dustshoot|0|0|0|0|0
Treeborn Frog|||||||||||||||3|1|1|1|1|1|1|1|1|1|1|2|3|Treeborn Frog|3|3|3|3|3|3|3|3|3|3|3|3|3|3|3|3|3|3|3|3|3|3|3|3|3|3|3|3|3|3|3|3|3|3|3|Treeborn Frog|3|3|3|3|3
Tribe-Infecting Virus|||||||||1|1|1|1|1|1|0|0|0|0|0|0|0|0|0|0|0|0|0|Tribe-Infecting Virus|0|0|0|0|0|0|0|0|0|0|0|0|0|0|0|0|0|0|0|0|0|0|0|0|0|0|0|0|0|0|3|3|3|3|3|Tribe-Infecting Virus|3|3|3|3|3
Trickstar Light Stage||||||||||||||||||||||||||||Trickstar Light Stage|||||||||||||||||||||3|3|3|3|3|3|3|3|1|1|1|1|1|1|1|Trickstar Light Stage|1|1|1|1|2
Trishula, Dragon of the Ice Barrier||||||||||||||||||||||||||||Trishula, Dragon of the Ice Barrier||1|0|0|0|0|0|0|0|0|0|0|0|1|1|1|1|1|1|1|1|1|1|1|1|1|1|1|3|3|3|1|1|1|1|Trishula, Dragon of the Ice Barrier|1|1|1|1|3
True King Lithosagym, the Disaster||||||||||||||||||||||||||||True King Lithosagym, the Disaster|||||||||||||||||||3|3|0|0|0|0|0|0|0|0|0|0|1|1|1|1|1|True King Lithosagym, the Disaster|1|1|1|1|1
True King of All Calamities||||||||||||||||||||||||||||True King of All Calamities||||||||||||||||||||3|3|3|3|3|3|3|3|3|3|3|3|3|3|3|3|True King of All Calamities|0|0|0|0|0
True King's Return||||||||||||||||||||||||||||True King's Return||||||||||||||||||||3|1|1|1|1|1|1|1|1|1|1|1|1|1|1|2|True King's Return|3|3|3|3|3
Tsukuyomi||||||||||3|3|3|3|3|1|1|0|0|0|0|0|0|0|0|0|0|0|Tsukuyomi|0|0|0|1|2|3|3|3|3|3|3|3|3|3|3|3|3|3|3|3|3|3|3|3|3|3|3|3|3|3|3|3|3|3|3|Tsukuyomi|3|3|3|3|3
Twin-Headed Behemoth|||||||1|1|1|1|1|1|1|1|1|1|1|1|1|1|1|1|1|3|3|3|3|Twin-Headed Behemoth|3|3|3|3|3|3|3|3|3|3|3|3|3|3|3|3|3|3|3|3|3|3|3|3|3|3|3|3|3|3|3|3|3|3|3|Twin-Headed Behemoth|3|3|3|3|3
Ultimate Offering|3|3|3|3|3|3|3|3|3|3|3|3|3|3|3|3|1|1|1|1|1|1|1|2|2|2|2|Ultimate Offering|3|3|2|1|1|0|0|0|0|0|0|0|0|0|0|0|0|0|0|0|0|0|0|0|0|0|0|0|0|0|0|0|0|0|0|Ultimate Offering|0|0|0|0|0
Union Carrier||||||||||||||||||||||||||||Union Carrier||||||||||||||||||||||||||||3|3|3|3|3|3|3|3|Union Carrier|0|0|0|0|0
United We Stand|||||1|1|1|1|1|1|1|0|0|1|1|1|1|1|1|1|1|1|1|1|1|2|3|United We Stand|3|3|3|3|3|3|3|3|3|3|3|3|3|3|3|3|3|3|3|3|3|3|3|3|3|3|3|3|3|3|3|3|3|3|3|United We Stand|3|3|3|3|3
Upstart Goblin|||1|1|1|1|1|1|1|1|1|1|1|2|2|2|2|3|3|3|3|3|3|3|3|3|3|Upstart Goblin|3|3|3|3|3|3|3|3|3|3|3|3|3|3|3|3|1|1|1|1|1|1|1|1|1|1|1|1|1|1|1|1|1|1|1|Upstart Goblin|1|1|1|1|1
Vampire Lord||||||||||1|1|1|1|2|3|3|3|3|3|3|3|3|3|3|3|3|3|Vampire Lord|3|3|3|3|3|3|3|3|3|3|3|3|3|3|3|3|3|3|3|3|3|3|3|3|3|3|3|3|3|3|3|3|3|3|3|Vampire Lord|3|3|3|3|3
Vanity's Emptiness||||||||||||||||||||||||||||Vanity's Emptiness|3|3|3|3|3|3|3|3|3|3|3|3|1|1|1|1|1|1|0|0|0|0|0|0|0|0|0|0|0|0|0|0|0|0|0|Vanity's Emptiness|0|0|0|0|0
Victory Dragon||||||||||||||||||0|0|0|0|0|0|0|0|0|0|Victory Dragon|0|0|0|0|0|0|0|0|0|0|0|0|0|0|0|0|0|0|0|0|0|0|0|0|0|0|0|0|0|0|0|0|0|0|0|Victory Dragon|0|0|0|0|0
Wall of Revealing Light||||||||||||3|3|3|3|3|2|2|2|1|1|1|1|1|1|1|1|Wall of Revealing Light|1|1|1|1|1|1|1|1|1|1|1|1|1|1|1|1|1|1|1|1|1|1|1|1|1|1|1|1|1|1|1|1|1|1|1|Wall of Revealing Light|1|1|1|1|2
Wavering Eyes||||||||||||||||||||||||||||Wavering Eyes||||||||||||||3|3|3|0|0|0|0|3|3|3|3|3|3|3|3|3|3|3|3|3|3|3|Wavering Eyes|3|3|3|3|3
White Dragon Wyverburster||||||||||||||||||||||||||||White Dragon Wyverburster||||||||3|3|3|3|3|3|3|3|3|3|3|3|3|3|3|3|3|3|3|3|3|1|1|1|1|1|1|1|White Dragon Wyverburster|1|1|1|1|1
Wind-Up Carrier Zenmaity||||||||||||||||||||||||||||Wind-Up Carrier Zenmaity|||3|1|0|0|0|0|0|0|0|0|0|0|0|0|0|0|0|0|0|0|0|0|0|0|0|0|0|0|0|0|0|0|0|Wind-Up Carrier Zenmaity|0|0|0|0|0
Wind-Up Magician||||||||||||||||||||||||||||Wind-Up Magician|||3|3|1|1|1|1|1|1|1|1|1|1|1|1|1|2|2|2|2|2|2|2|2|2|3|3|3|3|3|3|3|3|3|Wind-Up Magician|3|3|3|3|3
Wisdom-Eye Magician||||||||||||||||||||||||||||Wisdom-Eye Magician||||||||||||||||3|1|1|2|3|3|3|3|3|3|3|3|3|3|3|3|3|3|3|3|Wisdom-Eye Magician|3|3|3|3|3
Witch of the Black Forest||2|2|1|1|1|1|1|1|1|1|0|0|0|0|0|0|0|0|0|0|0|0|0|0|0|0|Witch of the Black Forest|0|0|0|0|0|0|0|0|0|0|0|0|0|0|0|0|0|0|0|0|3|3|3|3|3|3|3|3|3|3|3|3|3|3|3|Witch of the Black Forest|3|3|3|3|3
Yata-Garasu|||||||1|1|1|1|1|0|0|0|0|0|0|0|0|0|0|0|0|0|0|0|0|Yata-Garasu|0|0|0|0|0|0|0|0|0|0|0|0|0|0|0|0|0|0|0|0|0|0|0|0|0|0|0|0|0|0|0|0|0|0|0|Yata-Garasu|0|0|0|0|1
Yellow Gadget||||||||||||||||||3|3|2|3|3|3|3|3|3|3|Yellow Gadget|3|3|3|3|3|3|3|3|3|3|3|3|3|3|3|3|3|3|3|3|3|3|3|3|3|3|3|3|3|3|3|3|3|3|3|Yellow Gadget|3|3|3|3|3
Zoodiac Barrage||||||||||||||||||||||||||||Zoodiac Barrage|||||||||||||||||||3|3|3|3|3|3|3|3|3|3|3|3|3|1|1|1|1|Zoodiac Barrage|1|1|0|0|0
Zoodiac Broadbull||||||||||||||||||||||||||||Zoodiac Broadbull|||||||||||||||||||3|3|0|0|0|0|0|0|0|0|0|0|0|0|0|0|0|Zoodiac Broadbull|0|0|0|0|0
Zoodiac Drident||||||||||||||||||||||||||||Zoodiac Drident|||||||||||||||||||3|3|0|0|0|0|0|0|0|0|0|0|0|1|1|1|1|Zoodiac Drident|1|0|0|0|0
Zoodiac Ratpier||||||||||||||||||||||||||||Zoodiac Ratpier|||||||||||||||||||2|2|1|1|1|1|1|1|1|1|1|1|1|1|1|1|1|Zoodiac Ratpier|1|1|1|1|1
